{"authorDailyContributionsMap":{"NyanWunPaing":[],"Janicetyy":[],"sitinadiah25":[],"itskesin":[]},"authorFileTypeContributionMap":{"NyanWunPaing":{"docs":0,"functional-code":0,"test-code":0},"Janicetyy":{"docs":0,"functional-code":0,"test-code":0},"sitinadiah25":{"docs":0,"functional-code":0,"test-code":0},"itskesin":{"docs":0,"functional-code":0,"test-code":0}},"authorContributionVariance":{"NyanWunPaing":0.0,"Janicetyy":0.0,"sitinadiah25":0.0,"itskesin":0.0},"authorDisplayNameMap":{"NyanWunPaing":"CS2113T-T12-2 NYAN..AING","Janicetyy":"CS2113T-T12-2 TOH ..NICE","sitinadiah25":"CS2113T-T12-2 SITI..AMLI","itskesin":"CS2113T-T12-2 YAP ..ESIN"}}
