{"authorDailyContributionsMap":{"terrytay":[],"NizarMohd":[],"GanapathySanathBalaji":[],"hongquan448":[]},"authorFileTypeContributionMap":{"terrytay":{},"NizarMohd":{},"GanapathySanathBalaji":{},"hongquan448":{}},"authorContributionVariance":{"terrytay":0.0,"NizarMohd":0.0,"GanapathySanathBalaji":0.0,"hongquan448":0.0},"authorDisplayNameMap":{"terrytay":"CS2113T-T12-3 TERR..KIAT","NizarMohd":"CS2113T-T12-3 MOHA..ED H","GanapathySanathBalaji":"CS2113T-T12-3 GANA..LAJI","hongquan448":"CS2113T-T12-3 JIAN..QUAN"}}
