{"authorDailyContributionsMap":{"terrytay":[],"NizarMohd":[],"GanapathySanathBalaji":[],"hongquan448":[]},"authorFileTypeContributionMap":{"terrytay":{"docs":0,"functional-code":0,"test-code":0},"NizarMohd":{"docs":0,"functional-code":0,"test-code":0},"GanapathySanathBalaji":{"docs":0,"functional-code":0,"test-code":0},"hongquan448":{"docs":0,"functional-code":0,"test-code":0}},"authorContributionVariance":{"terrytay":0.0,"NizarMohd":0.0,"GanapathySanathBalaji":0.0,"hongquan448":0.0},"authorDisplayNameMap":{"terrytay":"CS2113T-T12-3 TERR..KIAT","NizarMohd":"CS2113T-T12-3 MOHA..ED H","GanapathySanathBalaji":"CS2113T-T12-3 GANA..LAJI","hongquan448":"CS2113T-T12-3 JIAN..QUAN"}}
