{"authorDailyContributionsMap":{"katelo731":[],"melylopez99":[],"yolanmz":[],"alaukiknpant":[]},"authorFileTypeContributionMap":{"katelo731":{"docs":0,"functional-code":0,"test-code":0},"melylopez99":{"docs":0,"functional-code":0,"test-code":0},"yolanmz":{"docs":0,"functional-code":0,"test-code":0},"alaukiknpant":{"docs":0,"functional-code":0,"test-code":0}},"authorContributionVariance":{"katelo731":0.0,"melylopez99":0.0,"yolanmz":0.0,"alaukiknpant":0.0},"authorDisplayNameMap":{"katelo731":"CS2113-T14-2 LO W..HUEI","melylopez99":"CS2113-T14-2 LOPE..ISSA","yolanmz":"CS2113-T14-2 MA Q..GYUE","alaukiknpant":"CS2113-T14-2 ALAU..PANT"}}
