{"authorDailyContributionsMap":{"Dom Cobley":[],"popcornmix":[{"date":"2020-10-22","commitResults":[{"hash":"5f95dfda0edaac1a353400915a92bcc61008c780","messageTitle":"kernel: dtoverlays: Correct CSI2 settings for ov9281 See: https://github.com/raspberrypi/linux/pull/3912","messageBody":"firmware: hdmi: Timeout HDMI EDID reads\n","fileTypesAndContributionMap":{"h":{"insertions":4,"deletions":614}}}]},{"date":"2020-10-27","commitResults":[{"hash":"dbd3b6fcd9fbb28366118d726585ff833518e263","messageTitle":"userland: Remove vcfiled and vcfilesys","messageBody":"","fileTypesAndContributionMap":{"h":{"insertions":0,"deletions":834}}}]},{"date":"2020-12-08","commitResults":[{"hash":"919aee0ed75f7db48a38b8b96c13228a7584cfd7","messageTitle":"kernel: Bump to 5.4.81","messageBody":"kernel: overlays: Add PCF85063 and PCF85063A to i2c-rtc\n\nkernel: configs: Add RTC_DRV_PCF85063\u003dm\n\nkernel: ARM: dts: CM4 audio pins are not connected\n\nkernel: media: bcm2835-unicam: Clear clock state when stopping streaming\nSee: https://github.com/raspberrypi/linux/pull/3986\n\nkernel: media: bcm2835-unicam: Correctly handle error states on stream on/off\nSee: https://github.com/raspberrypi/linux/pull/3984\n\nkernel: media: i2c: imx219: Selection compliance fixes\nSee: https://github.com/raspberrypi/linux/pull/3983\n\nfirmware: arm_dt: Handle parent interrupt controllers when masking\n\nfirmware: config: Add cm4 and pi400 config section filters\n\nfirmware: MMAL/IL/ISP component: Set the ISP boost frequency once on open\n\nfirmware: sdcard: Remove legacy NOOBS support to support booting from primary partition 4\n\nfirmware: arm_loader: Move 2711 RAM to PCIe address 16GB\n\nfirmware: video_decode: Add parameter to disable timestamp validation\n\nfirmware: Imx477 camera tuning fixes\nSee: https://www.raspberrypi.org/forums/viewtopic.php?f\u003d43\u0026t\u003d291032#p1770287\nSee: https://www.raspberrypi.org/forums/viewtopic.php?f\u003d43\u0026t\u003d291032\u0026start\u003d25#p1771066\n","fileTypesAndContributionMap":{"h":{"insertions":6,"deletions":52}}}]},{"date":"2021-01-07","commitResults":[{"hash":"0ee1d9f2fc852b20e247bb832a3b8d0a13b6ada6","messageTitle":"kernel: Bump to 5.10.5","messageBody":"kernel: V4L2 ISP/Codec additional formats\nSee: https://github.com/raspberrypi/linux/pull/4052\n\nkernel: vc4: Avoid hdmi audio underrun with heavy sdram traffic\nSee: https://github.com/raspberrypi/linux/pull/4053\n\nfirmware: audioplus: Fix hang when switching destination\nSee: https://github.com/raspberrypi/firmware/issues/1516\n\nfirmware: HAT/I2C updates\n\nfirmware: MMAL/IL: Add support for the 16bpp Bayer/Grey raw 10/12/14 formats\n","fileTypesAndContributionMap":{"h":{"insertions":70,"deletions":0}}}]},{"date":"2021-01-21","commitResults":[{"hash":"051e5e1be85fa7119aebf20adf8e61b9fe37c459","messageTitle":"kernel: Bump to 5.10.9","messageBody":"kernel: bcm2835-isp: Add colour denoise mode config\nSee: https://github.com/raspberrypi/linux/pull/4069\n\nkernel: configs: Enable BCM2835 thermal driver in kernel8\nSee: https://github.com/raspberrypi/linux/issues/4077\n\nfirmware: Export bootloader config via device-tree\n\nfirmware: ISP: Colour denoise\nSee: https://github.com/raspberrypi/linux/pull/4083\n","fileTypesAndContributionMap":{"h":{"insertions":104,"deletions":0}}}]}]},"authorFileTypeContributionMap":{"Dom Cobley":{"c":0,"h":1},"popcornmix":{"c":0,"h":184}},"authorContributionVariance":{"Dom Cobley":0.0,"popcornmix":9165.133},"authorDisplayNameMap":{"Dom Cobley":"Dom Cobley","popcornmix":"popcornmix"}}
