{"authorDailyContributionsMap":{"Anqi-nus":[],"lowjiayee":[],"benchan911":[],"harithadiv":[]},"authorFileTypeContributionMap":{"Anqi-nus":{"docs":0,"functional-code":0,"test-code":0},"lowjiayee":{"docs":0,"functional-code":0,"test-code":0},"benchan911":{"docs":0,"functional-code":0,"test-code":0},"harithadiv":{"docs":0,"functional-code":0,"test-code":0}},"authorContributionVariance":{"Anqi-nus":0.0,"lowjiayee":0.0,"benchan911":0.0,"harithadiv":0.0},"authorDisplayNameMap":{"Anqi-nus":"CS2113T-T12-4 YANG..N QI","lowjiayee":"CS2113T-T12-4 LOW .. YEE","benchan911":"CS2113T-T12-4 CHAN..AMIN","harithadiv":"CS2113T-T12-4 DIVA..ITHA"}}
