{"authorDailyContributionsMap":{"dejunnn":[],"lamyuewei":[],"DDzuikeai":[],"yuxianglim":[]},"authorFileTypeContributionMap":{"dejunnn":{"docs":0,"functional-code":0,"test-code":0},"lamyuewei":{"docs":0,"functional-code":0,"test-code":0},"DDzuikeai":{"docs":0,"functional-code":0,"test-code":0},"yuxianglim":{"docs":0,"functional-code":0,"test-code":0}},"authorContributionVariance":{"dejunnn":0.0,"lamyuewei":0.0,"DDzuikeai":0.0,"yuxianglim":0.0},"authorDisplayNameMap":{"dejunnn":"CS2113-T15-4 TAN .. JUN","lamyuewei":"CS2113-T15-4 LAM .. WEI","DDzuikeai":"CS2113-T15-4 YAN ..GHAO","yuxianglim":"CS2113-T15-4 LIM ..IANG"}}
