{"authorDailyContributionsMap":{"HAOYUN49":[],"wangqinNick":[],"A11riseforme":[],"iceclementi":[]},"authorFileTypeContributionMap":{"HAOYUN49":{"docs":0,"functional-code":0,"test-code":0},"wangqinNick":{"docs":0,"functional-code":0,"test-code":0},"A11riseforme":{"docs":0,"functional-code":0,"test-code":0},"iceclementi":{"docs":0,"functional-code":0,"test-code":0}},"authorContributionVariance":{"HAOYUN49":0.0,"wangqinNick":0.0,"A11riseforme":0.0,"iceclementi":0.0},"authorDisplayNameMap":{"HAOYUN49":"CS2113T-T13-2 HAO .. YUN","wangqinNick":"CS2113T-T13-2 WANG.. QIN","A11riseforme":"CS2113T-T13-2 YANG..LONG","iceclementi":"CS2113T-T13-2 CHEN..MENT"}}
