{"repoSenseVersion":"4778111e49","reportGeneratedTime":"Sun Mar 28 05:23:38 2021 UTC","reportGenerationTime":" 22 minute(s) 48.27 second(s)","zoneId":"Etc/UTC","reportTitle":"RepoSense Report","repos":[{"location":{"location":"https://github.com/reposense/RepoSense.git","repoName":"RepoSense","organization":"reposense"},"branch":"master","displayName":"reposense/RepoSense[master]","outputFolderName":"reposense_RepoSense_master"},{"location":{"location":"https://github.com/servo/servo.git","repoName":"servo","organization":"servo"},"branch":"master","displayName":"servo/servo[master]","outputFolderName":"servo_servo_master"},{"location":{"location":"https://github.com/SeleniumHQ/selenium.git","repoName":"selenium","organization":"SeleniumHQ"},"branch":"trunk","displayName":"SeleniumHQ/selenium[trunk]","outputFolderName":"SeleniumHQ_selenium_trunk"},{"location":{"location":"https://github.com/ApolloAuto/apollo.git","repoName":"apollo","organization":"ApolloAuto"},"branch":"master","displayName":"ApolloAuto/apollo[master]","outputFolderName":"ApolloAuto_apollo_master"},{"location":{"location":"https://github.com/ryanoasis/nerd-fonts.git","repoName":"nerd-fonts","organization":"ryanoasis"},"branch":"master","displayName":"ryanoasis/nerd-fonts[master]","outputFolderName":"ryanoasis_nerd-fonts_master"}],"errorList":[{"repoName":"raspberrypi/firmware[HEAD]","errorMessage":"Failed to clone from https://github.com/raspberrypi/firmware.git"}],"sinceDate":"2020-09-27","untilDate":"2021-03-27","isSinceDateProvided":true,"isUntilDateProvided":true}
