{"repoSenseVersion":"4778111e49","reportGeneratedTime":"Sat Mar 27 11:40:48 2021 UTC","reportGenerationTime":" 7.46 second(s)","zoneId":"Etc/UTC","reportTitle":"RepoSense Report","repos":[{"location":{"location":"https://github.com/reposense/RepoSense.git","repoName":"RepoSense","organization":"reposense"},"branch":"master","displayName":"reposense/RepoSense[master]","outputFolderName":"reposense_RepoSense_master"}],"errorList":[],"sinceDate":"2020-09-27","untilDate":"2021-03-27","isSinceDateProvided":true,"isUntilDateProvided":true}
