{"repoSenseVersion":"4778111e49","reportGeneratedTime":"Sat Mar 27 13:52:18 2021 UTC","reportGenerationTime":" 11 minute(s) 54.97 second(s)","zoneId":"Etc/UTC","reportTitle":"RepoSense Report","repos":[{"location":{"location":"https://github.com/reposense/RepoSense.git","repoName":"RepoSense","organization":"reposense"},"branch":"master","displayName":"reposense/RepoSense[master]","outputFolderName":"reposense_RepoSense_master"},{"location":{"location":"https://github.com/servo/servo.git","repoName":"servo","organization":"servo"},"branch":"master","displayName":"servo/servo[master]","outputFolderName":"servo_servo_master"},{"location":{"location":"https://github.com/SeleniumHQ/selenium.git","repoName":"selenium","organization":"SeleniumHQ"},"branch":"trunk","displayName":"SeleniumHQ/selenium[trunk]","outputFolderName":"SeleniumHQ_selenium_trunk"},{"location":{"location":"https://github.com/ApolloAuto/apollo.git","repoName":"apollo","organization":"ApolloAuto"},"branch":"master","displayName":"ApolloAuto/apollo[master]","outputFolderName":"ApolloAuto_apollo_master"},{"location":{"location":"https://github.com/ryanoasis/nerd-fonts.git","repoName":"nerd-fonts","organization":"ryanoasis"},"branch":"master","displayName":"ryanoasis/nerd-fonts[master]","outputFolderName":"ryanoasis_nerd-fonts_master"},{"location":{"location":"https://github.com/raspberrypi/firmware.git","repoName":"firmware","organization":"raspberrypi"},"branch":"master","displayName":"raspberrypi/firmware[master]","outputFolderName":"raspberrypi_firmware_master"}],"errorList":[],"sinceDate":"2020-09-27","untilDate":"2021-03-27","isSinceDateProvided":true,"isUntilDateProvided":true}
