{"repoSenseVersion":"fe8a4d0dae","reportGeneratedTime":"Wed Mar 3 12:03:14 2021 UTC","reportGenerationTime":" 19.32 second(s)","zoneId":"Etc/UTC","reportTitle":"RepoSense Report","repos":[{"location":{"location":"https://github.com/AY1920S2-CS2113T-T13-2/tp.git","repoName":"tp","organization":"AY1920S2-CS2113T-T13-2"},"branch":"master","displayName":"AY1920S2-CS2113T-T13-2/tp[master]","outputFolderName":"AY1920S2-CS2113T-T13-2_tp_master"},{"location":{"location":"https://github.com/AY1920S2-CS2113-T15-1/tp.git","repoName":"tp","organization":"AY1920S2-CS2113-T15-1"},"branch":"master","displayName":"AY1920S2-CS2113-T15-1/tp[master]","outputFolderName":"AY1920S2-CS2113-T15-1_tp_master"},{"location":{"location":"https://github.com/AY1920S2-CS2113-T15-2/tp.git","repoName":"tp","organization":"AY1920S2-CS2113-T15-2"},"branch":"master","displayName":"AY1920S2-CS2113-T15-2/tp[master]","outputFolderName":"AY1920S2-CS2113-T15-2_tp_master"},{"location":{"location":"https://github.com/AY1920S2-CS2113T-T12-3/tp.git","repoName":"tp","organization":"AY1920S2-CS2113T-T12-3"},"branch":"master","displayName":"AY1920S2-CS2113T-T12-3/tp[master]","outputFolderName":"AY1920S2-CS2113T-T12-3_tp_master"},{"location":{"location":"https://github.com/AY1920S2-CS2113-T14-4/tp.git","repoName":"tp","organization":"AY1920S2-CS2113-T14-4"},"branch":"master","displayName":"AY1920S2-CS2113-T14-4/tp[master]","outputFolderName":"AY1920S2-CS2113-T14-4_tp_master"},{"location":{"location":"https://github.com/AY1920S2-CS2113-T14-2/tp.git","repoName":"tp","organization":"AY1920S2-CS2113-T14-2"},"branch":"master","displayName":"AY1920S2-CS2113-T14-2/tp[master]","outputFolderName":"AY1920S2-CS2113-T14-2_tp_master"},{"location":{"location":"https://github.com/AY1920S2-CS2113-T14-1/tp.git","repoName":"tp","organization":"AY1920S2-CS2113-T14-1"},"branch":"master","displayName":"AY1920S2-CS2113-T14-1/tp[master]","outputFolderName":"AY1920S2-CS2113-T14-1_tp_master"},{"location":{"location":"https://github.com/AY1920S2-CS2113T-T13-3/tp.git","repoName":"tp","organization":"AY1920S2-CS2113T-T13-3"},"branch":"master","displayName":"AY1920S2-CS2113T-T13-3/tp[master]","outputFolderName":"AY1920S2-CS2113T-T13-3_tp_master"},{"location":{"location":"https://github.com/AY1920S2-CS2113T-T13-1/tp.git","repoName":"tp","organization":"AY1920S2-CS2113T-T13-1"},"branch":"master","displayName":"AY1920S2-CS2113T-T13-1/tp[master]","outputFolderName":"AY1920S2-CS2113T-T13-1_tp_master"},{"location":{"location":"https://github.com/AY1920S2-CS2113T-T12-4/tp.git","repoName":"tp","organization":"AY1920S2-CS2113T-T12-4"},"branch":"master","displayName":"AY1920S2-CS2113T-T12-4/tp[master]","outputFolderName":"AY1920S2-CS2113T-T12-4_tp_master"},{"location":{"location":"https://github.com/AY1920S2-CS2113T-M16-1/tp.git","repoName":"tp","organization":"AY1920S2-CS2113T-M16-1"},"branch":"master","displayName":"AY1920S2-CS2113T-M16-1/tp[master]","outputFolderName":"AY1920S2-CS2113T-M16-1_tp_master"},{"location":{"location":"https://github.com/AY1920S2-CS2113T-T12-1/tp.git","repoName":"tp","organization":"AY1920S2-CS2113T-T12-1"},"branch":"master","displayName":"AY1920S2-CS2113T-T12-1/tp[master]","outputFolderName":"AY1920S2-CS2113T-T12-1_tp_master"},{"location":{"location":"https://github.com/AY1920S2-CS2113-T15-4/tp.git","repoName":"tp","organization":"AY1920S2-CS2113-T15-4"},"branch":"master","displayName":"AY1920S2-CS2113-T15-4/tp[master]","outputFolderName":"AY1920S2-CS2113-T15-4_tp_master"},{"location":{"location":"https://github.com/AY1920S2-CS2113T-M16-2/tp.git","repoName":"tp","organization":"AY1920S2-CS2113T-M16-2"},"branch":"master","displayName":"AY1920S2-CS2113T-M16-2/tp[master]","outputFolderName":"AY1920S2-CS2113T-M16-2_tp_master"},{"location":{"location":"https://github.com/AY1920S2-CS2113T-T12-2/tp.git","repoName":"tp","organization":"AY1920S2-CS2113T-T12-2"},"branch":"master","displayName":"AY1920S2-CS2113T-T12-2/tp[master]","outputFolderName":"AY1920S2-CS2113T-T12-2_tp_master"},{"location":{"location":"https://github.com/AY1920S2-CS2113-T15-3/tp.git","repoName":"tp","organization":"AY1920S2-CS2113-T15-3"},"branch":"master","displayName":"AY1920S2-CS2113-T15-3/tp[master]","outputFolderName":"AY1920S2-CS2113-T15-3_tp_master"},{"location":{"location":"https://github.com/AY1920S2-CS2113-T14-3/tp.git","repoName":"tp","organization":"AY1920S2-CS2113-T14-3"},"branch":"master","displayName":"AY1920S2-CS2113-T14-3/tp[master]","outputFolderName":"AY1920S2-CS2113-T14-3_tp_master"}],"errorList":[],"sinceDate":"2021-02-03","untilDate":"2021-03-03","isSinceDateProvided":false,"isUntilDateProvided":false}
