{"authorDailyContributionsMap":{"elgatov":[],"Rajendra Kadam":[],"Puja Jagani":[{"date":"2020-11-04","commitResults":[{"hash":"c8f03a44733068c8278111191343bc9a3a1c1450","messageTitle":"Fix OpenTelemetry wrapper for the version 0.9.1 upgrade. (#8835)","messageBody":"* Fix OpenTelemetry wrapper for the version 0.9.1 upgrade.\r\n\r\n* Update tracing.txt for OpenTelemetry 0.9.1.","fileTypesAndContributionMap":{"txt":{"insertions":2,"deletions":2}}}]},{"date":"2020-11-23","commitResults":[{"hash":"a9f646a1b5bd42573bd12ddc464cd232b114ec6e","messageTitle":"Upgrade OpenTelemetry to 0.10.0 (#8889)","messageBody":"* Upgrade OpenTelemetry to 0.10.0. Update tracing.txt.\r\n\r\n* Update attribute key constants to use OpenTelemetry Semantic constants.\r\n\r\nCo-authored-by: David Burns \u003cdavid.burns@theautomatedtester.co.uk\u003e","fileTypesAndContributionMap":{"txt":{"insertions":2,"deletions":2}}}]},{"date":"2021-01-07","commitResults":[{"hash":"dd5d7a061f000958e79f4fef4c7df66706a61493","messageTitle":"[grid] Upgrade OpenTelemetry to 0.12.0 (#9029)","messageBody":"* [grid] Upgrade OpenTelemetry to 0.11.0\r\n\r\n* [grid] Upgrade OpenTelemetry to 0.12.0","fileTypesAndContributionMap":{"txt":{"insertions":4,"deletions":4}}}]},{"date":"2021-01-15","commitResults":[{"hash":"728d253d161e2d86493f6c0fb5b532ffab3224ae","messageTitle":"Upgrade OpenTelemetry to 0.13.1 (#9055)","messageBody":"* Upgrade OpenTelemetry to 0.13.1\r\n\r\n* Removed unused import from LoggingOptions.","fileTypesAndContributionMap":{"txt":{"insertions":2,"deletions":2}}}]},{"date":"2021-01-31","commitResults":[{"hash":"de1adc0446d3df02103979c5086729515040c1e3","messageTitle":"Fix OpenTelemetry 0.14.1 exporter functionality. Update tracing.txt. (#9115)","messageBody":"Co-authored-by: David Burns \u003cdavid.burns@theautomatedtester.co.uk\u003e\r\nCo-authored-by: Diego Molina \u003cdiemol@users.noreply.github.com\u003e","fileTypesAndContributionMap":{"txt":{"insertions":4,"deletions":4}}}]},{"date":"2021-02-20","commitResults":[{"hash":"d17ac96fb45f3f29f67c971d2fb2fd0ed238d9e5","messageTitle":"Upgrade OpenTelemetry to 0.16.0 (#9187)","messageBody":"* Upgrade OpenTelemetry to 0.15.0\r\n\r\n* Upgrade OpenTelemetry to 0.16.0\r\n\r\n* Remove unused import from JaegerTracing\r\n\r\nCo-authored-by: David Burns \u003cdavid.burns@theautomatedtester.co.uk\u003e\r\nCo-authored-by: Diego Molina \u003cdiemol@users.noreply.github.com\u003e","fileTypesAndContributionMap":{"txt":{"insertions":4,"deletions":4}}}]},{"date":"2021-03-09","commitResults":[{"hash":"d488c0cddbf33f83987ae7d6a4e26fabfa654790","messageTitle":"Upgrade OpenTelemetry to latest stable version 1.0.0 (#9247)","messageBody":"* [tracing] Upgrade OpenTelemetry to 0.17.0\r\n\r\n* [tracing] Upgrade OpenTelemetry to 1.0.0\r\n\r\n* [tracing] Remove unused import\r\n\r\nCo-authored-by: Diego Molina \u003cdiemol@users.noreply.github.com\u003e","fileTypesAndContributionMap":{"txt":{"insertions":2,"deletions":2}}}]}],"JustasM":[],"Jigar wala":[],"Jim Evans":[],"Olly Dean":[],"sunnyyukaige":[],"Nirantak Raghav":[],"Andre Wiggins":[],"Naveen Singh":[],"Alberto Scotto":[],"Simon Stewart":[{"date":"2021-02-22","commitResults":[{"hash":"3a94ffba988bf8ffadfc41ff20737b7d8b46f470","messageTitle":"[tracing] Use OT provided mechanisms for configuring OT","messageBody":"Notably, we now use OpenTelemetry\u0027s own reflection-based mechanism for\nloading tracers. This means we have removed our custom code for\nsetting things up for Jaeger.\n","fileTypesAndContributionMap":{"txt":{"insertions":5,"deletions":3}}}]}],"Nick Schonning":[],"Diego Molina":[{"date":"2021-01-19","commitResults":[{"hash":"1ef4da6fd58deff5600ab5f34f4be093c81a3ca3","messageTitle":"[grid] Correcting dependency name","messageBody":"","fileTypesAndContributionMap":{"txt":{"insertions":1,"deletions":1}}}]},{"date":"2021-03-06","commitResults":[{"hash":"0a19bc4613dabbaaad01d921e3717cc4a309db72","messageTitle":"[grid] Reworking DistributorFlags, LoggingFlags \u0026 NodeFlags","messageBody":"To show defaults properly.\n\nThis is a continuation on the work needed fix the issue\nshown in #9216\n","fileTypesAndContributionMap":{"txt":{"insertions":1,"deletions":1}}}]}],"Brandon Walderman":[],"Ulf Adams":[],"jimevans":[],"Dmitriy Sintsov":[],"Alexei Barantsev":[],"Ish Abbi":[],"Jon Wallsten":[],"Jörg Sautter":[],"Sergey Fursov":[],"Rami":[],"Titus Fortner":[],"Shengfa":[],"huntr-helper":[],"Alex Rodionov":[],"Luke Hill":[],"John F. Douthat":[],"Shreyan Avigyan":[],"Hamir Mahal":[],"Iaroslav Naidon":[],"sufyanAbbasi":[],"Radosław Sporny":[],"Michal Čihař":[],"Alberto":[],"Potapov Dmitriy":[],"hectorhon":[],"Tomer":[],"Chirag Jayswal":[],"David Burns":[{"date":"2020-10-02","commitResults":[{"hash":"8185e9cf64b6bf5271c99fc9f1da4094a121fc10","messageTitle":"[py] Update testing to use the latest pytest","messageBody":"This moves away from using the third party tarball of pytest and\ngets it from pypi and uses the latest version.\n\nTests have also been updated to stabilise them.\n","fileTypesAndContributionMap":{"txt":{"insertions":18,"deletions":0}}}]},{"date":"2020-10-05","commitResults":[{"hash":"8d867f73f0dba545f083da97a20757ef17aec0f0","messageTitle":"[Py] Update dependencies for python for transitive deps.","messageBody":"","fileTypesAndContributionMap":{"txt":{"insertions":2,"deletions":0}}}]},{"date":"2020-10-07","commitResults":[{"hash":"ba2d54aadfa20b1bbc9ce7b0225c14675eabf79d","messageTitle":"[py] remove dependency on async_generator wheel as we don\u0027t support 3.5","messageBody":"","fileTypesAndContributionMap":{"txt":{"insertions":0,"deletions":1}}}]},{"date":"2020-10-13","commitResults":[{"hash":"0066f632294f86709052d8d07fade95ca2727cd5","messageTitle":"[py] Get new session tests working","messageBody":"","fileTypesAndContributionMap":{"txt":{"insertions":1,"deletions":0}}}]},{"date":"2020-11-03","commitResults":[{"hash":"56adb0c2ecd62e2d8e7e4967000633fe48dd38ec","messageTitle":"[py] Add debugpy to requirements","messageBody":"","fileTypesAndContributionMap":{"txt":{"insertions":1,"deletions":0}}}]},{"date":"2020-11-13","commitResults":[{"hash":"c8a7cb1896fb8cd80a016b00687d4345f4daf799","messageTitle":"[py] delete unneeded wheel files and clean up bazel around this.","messageBody":"Everything now uses requirements files now so they are no longer being used.\n","fileTypesAndContributionMap":{"txt":{"insertions":2,"deletions":0}}}]},{"date":"2020-11-30","commitResults":[{"hash":"135b8e291c2cccfafd61974ace25db928b014675","messageTitle":"[py] Pin key dependencies in the build","messageBody":"","fileTypesAndContributionMap":{"txt":{"insertions":7,"deletions":7}}}]},{"date":"2021-01-07","commitResults":[{"hash":"c2f2c6a47e4fbd5e29cc6cef72c9789372ea0fa3","messageTitle":"[py] Correct dependency for six","messageBody":"","fileTypesAndContributionMap":{"txt":{"insertions":1,"deletions":0}}}]},{"date":"2021-01-14","commitResults":[{"hash":"104b2782858fc190987e799f2feb55b9b3ac8861","messageTitle":"[py] Remove six as a dependency","messageBody":"Six was required to bridge py2 and py3 but we are no longer supporting\n py2\n","fileTypesAndContributionMap":{"txt":{"insertions":0,"deletions":1}}}]},{"date":"2021-02-23","commitResults":[{"hash":"4750e40b9c9208643dbe29776d1f2397d586e254","messageTitle":"[py] Add test for File Upload","messageBody":"","fileTypesAndContributionMap":{"txt":{"insertions":1,"deletions":0}}}]},{"date":"2021-03-12","commitResults":[{"hash":"b2c32787dfa3e86ca9a7c9738054a15c899439c3","messageTitle":"[js] Remove JSUnit directory as it is no longer used.","messageBody":"","fileTypesAndContributionMap":{"txt":{"insertions":0,"deletions":1520}}}]},{"date":"2021-03-15","commitResults":[{"hash":"6e44d378cc35b2212e905de82d44106406489d41","messageTitle":"[py] Add Multiple file upload test","messageBody":"","fileTypesAndContributionMap":{"txt":{"insertions":1,"deletions":0}}}]},{"date":"2021-03-22","commitResults":[{"hash":"56f96c4e4802bd0c5fd1d20d065293de3901672b","messageTitle":"[py] Loosen version requirements on dependencies. Fixes #9312","messageBody":"","fileTypesAndContributionMap":{"txt":{"insertions":10,"deletions":4}}},{"hash":"0849604f66a3e15e7ae650cfb0ac870328ce271f","messageTitle":"Remove merge conflict... thanks VSCode","messageBody":"","fileTypesAndContributionMap":{"txt":{"insertions":0,"deletions":6}}}]}],"Kazuhiro NISHIYAMA":[],"JS31096":[],"dependabot[bot]":[{"date":"2021-03-22","commitResults":[{"hash":"dabb8e450a3c1526670ad2da7e271c1154045af4","messageTitle":"Bump urllib3 from 1.26.2 to 1.26.3 in /py (#9311)","messageBody":"Bumps [urllib3](https://github.com/urllib3/urllib3) from 1.26.2 to 1.26.3.\r\n- [Release notes](https://github.com/urllib3/urllib3/releases)\r\n- [Changelog](https://github.com/urllib3/urllib3/blob/main/CHANGES.rst)\r\n- [Commits](https://github.com/urllib3/urllib3/compare/1.26.2...1.26.3)\r\n\r\nSigned-off-by: dependabot[bot] \u003csupport@github.com\u003e\r\n\r\nCo-authored-by: dependabot[bot] \u003c49699333+dependabot[bot]@users.noreply.github.com\u003e\r\nCo-authored-by: David Burns \u003cdavid.burns@theautomatedtester.co.uk\u003e","fileTypesAndContributionMap":{"txt":{"insertions":1,"deletions":1}}}]}],"Troy Walsh":[],"Sri Harsha":[],"Machinexa2":[],"Dharin Shah":[]},"authorFileTypeContributionMap":{"elgatov":{"txt":0},"Rajendra Kadam":{"txt":0},"Puja Jagani":{"txt":4},"JustasM":{"txt":0},"Jigar wala":{"txt":0},"Jim Evans":{"txt":0},"Olly Dean":{"txt":0},"sunnyyukaige":{"txt":0},"Nirantak Raghav":{"txt":0},"Andre Wiggins":{"txt":0},"Naveen Singh":{"txt":0},"Alberto Scotto":{"txt":0},"Simon Stewart":{"txt":5},"Nick Schonning":{"txt":0},"Diego Molina":{"txt":1},"Brandon Walderman":{"txt":0},"Ulf Adams":{"txt":0},"jimevans":{"txt":0},"Dmitriy Sintsov":{"txt":0},"Alexei Barantsev":{"txt":0},"Ish Abbi":{"txt":0},"Jon Wallsten":{"txt":0},"Jörg Sautter":{"txt":0},"Sergey Fursov":{"txt":0},"Rami":{"txt":0},"Titus Fortner":{"txt":0},"Shengfa":{"txt":0},"huntr-helper":{"txt":0},"Alex Rodionov":{"txt":0},"Luke Hill":{"txt":0},"John F. Douthat":{"txt":0},"Shreyan Avigyan":{"txt":0},"Hamir Mahal":{"txt":0},"Iaroslav Naidon":{"txt":0},"sufyanAbbasi":{"txt":0},"Radosław Sporny":{"txt":0},"Michal Čihař":{"txt":0},"Alberto":{"txt":0},"Potapov Dmitriy":{"txt":0},"hectorhon":{"txt":0},"Tomer":{"txt":0},"Chirag Jayswal":{"txt":0},"David Burns":{"txt":13},"Kazuhiro NISHIYAMA":{"txt":0},"JS31096":{"txt":0},"dependabot[bot]":{"txt":0},"Troy Walsh":{"txt":0},"Sri Harsha":{"txt":0},"Machinexa2":{"txt":0},"Dharin Shah":{"txt":0}},"authorContributionVariance":{"elgatov":0.0,"Rajendra Kadam":0.0,"Puja Jagani":1.395257,"JustasM":0.0,"Jigar wala":0.0,"Jim Evans":0.0,"Olly Dean":0.0,"sunnyyukaige":0.0,"Nirantak Raghav":0.0,"Andre Wiggins":0.0,"Naveen Singh":0.0,"Alberto Scotto":0.0,"Simon Stewart":0.35953936,"Nick Schonning":0.0,"Diego Molina":0.044687025,"Brandon Walderman":0.0,"Ulf Adams":0.0,"jimevans":0.0,"Dmitriy Sintsov":0.0,"Alexei Barantsev":0.0,"Ish Abbi":0.0,"Jon Wallsten":0.0,"Jörg Sautter":0.0,"Sergey Fursov":0.0,"Rami":0.0,"Titus Fortner":0.0,"Shengfa":0.0,"huntr-helper":0.0,"Alex Rodionov":0.0,"Luke Hill":0.0,"John F. Douthat":0.0,"Shreyan Avigyan":0.0,"Hamir Mahal":0.0,"Iaroslav Naidon":0.0,"sufyanAbbasi":0.0,"Radosław Sporny":0.0,"Michal Čihař":0.0,"Alberto":0.0,"Potapov Dmitriy":0.0,"hectorhon":0.0,"Tomer":0.0,"Chirag Jayswal":0.0,"David Burns":12978.404,"Kazuhiro NISHIYAMA":0.0,"JS31096":0.0,"dependabot[bot]":0.022471191,"Troy Walsh":0.0,"Sri Harsha":0.0,"Machinexa2":0.0,"Dharin Shah":0.0},"authorDisplayNameMap":{"elgatov":"elgatov","Rajendra Kadam":"Rajendra kadam","Puja Jagani":"Puja Jagani","JustasM":"JustasM","Jigar wala":"Jigar wala","Jim Evans":"Jim Evans","Olly Dean":"Olly Dean","sunnyyukaige":"sunnyyukaige","Nirantak Raghav":"Nirantak Raghav","Andre Wiggins":"Andre Wiggins","Naveen Singh":"Naveen Singh","Alberto Scotto":"Alberto Scotto","Simon Stewart":"Simon Stewart","Nick Schonning":"Nick Schonning","Diego Molina":"Diego Molina","Brandon Walderman":"Brandon Walderman","Ulf Adams":"Ulf Adams","jimevans":"jimevans","Dmitriy Sintsov":"Dmitriy Sintsov","Alexei Barantsev":"Alexei Barantsev","Ish Abbi":"Ish Abbi","Jon Wallsten":"Jon Wallsten","Jörg Sautter":"Jörg Sautter","Sergey Fursov":"Sergey Fursov","Rami":"Rami","Titus Fortner":"Titus Fortner","Shengfa":"Shengfa","huntr-helper":"huntr-helper","Alex Rodionov":"Alex Rodionov","Luke Hill":"Luke Hill","John F. Douthat":"John F. Douthat","Shreyan Avigyan":"Shreyan Avigyan","Hamir Mahal":"Hamir Mahal","Iaroslav Naidon":"Iaroslav Naidon","sufyanAbbasi":"sufyanAbbasi","Radosław Sporny":"Radosław Sporny","Michal Čihař":"Michal Čihař","Alberto":"Alberto","Potapov Dmitriy":"Potapov Dmitriy","hectorhon":"hectorhon","Tomer":"Tomer","Chirag Jayswal":"Chirag Jayswal","David Burns":"David Burns","Kazuhiro NISHIYAMA":"Kazuhiro NISHIYAMA","JS31096":"JS31096","dependabot[bot]":"dependabot[bot]","Troy Walsh":"Troy Walsh","Sri Harsha":"Sri Harsha","Machinexa2":"Machinexa2","Dharin Shah":"Dharin Shah"}}
