{"authorDailyContributionsMap":{"JosephLimWeiJie":[],"gmuthu17":[],"nguan1":[],"SibingWu":[]},"authorFileTypeContributionMap":{"JosephLimWeiJie":{"docs":0,"functional-code":0,"test-code":0},"gmuthu17":{"docs":0,"functional-code":0,"test-code":0},"nguan1":{"docs":0,"functional-code":0,"test-code":0},"SibingWu":{"docs":0,"functional-code":0,"test-code":0}},"authorContributionVariance":{"JosephLimWeiJie":0.0,"gmuthu17":0.0,"nguan1":0.0,"SibingWu":0.0},"authorDisplayNameMap":{"JosephLimWeiJie":"CS2113-T14-4 LIM .. JIE","gmuthu17":"CS2113-T14-4 MUTH..PPAN","nguan1":"CS2113-T14-4 GUAN..NING","SibingWu":"CS2113-T14-4 WU S..BING"}}
