{"authorDailyContributionsMap":{"JustinnT":[],"Yukilite":[],"brandoncjh":[],"thanhduc2000":[],"andy-aw-why":[]},"authorFileTypeContributionMap":{"JustinnT":{"docs":0,"functional-code":0,"test-code":0},"Yukilite":{"docs":0,"functional-code":0,"test-code":0},"brandoncjh":{"docs":0,"functional-code":0,"test-code":0},"thanhduc2000":{"docs":0,"functional-code":0,"test-code":0},"andy-aw-why":{"docs":0,"functional-code":0,"test-code":0}},"authorContributionVariance":{"JustinnT":0.0,"Yukilite":0.0,"brandoncjh":0.0,"thanhduc2000":0.0,"andy-aw-why":0.0},"authorDisplayNameMap":{"JustinnT":"CS2113T-T13-3 TAN ..STIN","Yukilite":"CS2113T-T13-3 GOH ..NTHA","brandoncjh":"CS2113T-T13-3 CHON..NDON","thanhduc2000":"CS2113T-T13-3 NGUY.. DUC","andy-aw-why":"CS2113T-T13-3 ANDY..YANG"}}
