{"authorDailyContributionsMap":{"zi-hui":[],"yantingsanity":[],"jinfayap":[],"cheongisabella":[],"alwayshuizhen":[],"JensonWee":[]},"authorFileTypeContributionMap":{"zi-hui":{"docs":0,"functional-code":0,"test-code":0},"yantingsanity":{"docs":0,"functional-code":0,"test-code":0},"jinfayap":{"docs":0,"functional-code":0,"test-code":0},"cheongisabella":{"docs":0,"functional-code":0,"test-code":0},"alwayshuizhen":{"docs":0,"functional-code":0,"test-code":0},"JensonWee":{"docs":0,"functional-code":0,"test-code":0}},"authorContributionVariance":{"zi-hui":0.0,"yantingsanity":0.0,"jinfayap":0.0,"cheongisabella":0.0,"alwayshuizhen":0.0,"JensonWee":0.0},"authorDisplayNameMap":{"zi-hui":"CS2113T-M16-2 NG Z.. HUI","yantingsanity":"CS2113T-M16-2 LIM ..TING","jinfayap":"CS2113T-M16-2 YAP ..N FA","cheongisabella":"CS2113T-M16-2 ISAB..XUAN","alwayshuizhen":"CS2113T-M16-2 CHAN..ZHEN","JensonWee":"CS2113T-M16-2 WEE ..XING"}}
