{"authorDailyContributionsMap":{"ongspxm":[],"jamessspanggg":[{"date":"2020-09-27","commitResults":[{"hash":"611dec25b3fbfe8916471edfe795f75b38fcd803","messageTitle":"Add optional check for quotes in diff file regex (#1330)","messageBody":"","fileTypesAndContributionMap":{"java":{"insertions":1,"deletions":1}}}]},{"date":"2020-09-30","commitResults":[{"hash":"08a546085e882b2d2dd261129c72b3f9b15ab9a6","messageTitle":"[#1322] Fix loading page rendering issue (#1334)","messageBody":"The contents within `v-resizer` show at the beginning of page load.\r\n\r\nThis is because we write our code directly to `index.pug` instead of\r\na separate file, e.g. app.pug. The generated HTML file from \r\n`index.pug` contains some body HTML code, which is recognized by the \r\nbrowser and displayed first before the JS code is loaded.\r\n\r\nLet\u0027s move the v-if conditional out of v-resizer to a Vue template,\r\nsince the Vue template tag is not recognizable by the browser.","fileTypesAndContributionMap":{"pug":{"insertions":64,"deletions":65},"js":{"insertions":0,"deletions":6}}}]},{"date":"2020-10-01","commitResults":[{"hash":"4cc1366a6f9f477b868d74c9e6bbe2699f5013a3","messageTitle":" [#1312] Conditional run for markbind to gh pages deployment (#1337)","messageBody":"The markbind to gh pages deployment task of Travis is executed at \r\nevery pull request, which runs npm install but do not deploy to the\r\ngh pages since it is not the master branch. This is unnecessary \r\nand takes up build time.\r\n\r\nLet\u0027s ensure that the deployment task to be only run when it is from \r\nthe master branch.","fileTypesAndContributionMap":{"yml":{"insertions":1,"deletions":0}}}]},{"date":"2020-11-21","commitResults":[{"hash":"81ee3e4bc37e13f7978141d2a6bdbd177273e283","messageTitle":"[#1345] Authorship: Add last modified date to each LoC if specified (#1348)","messageBody":"The last modified date of each line of code is not present in the\r\n`authorship.json`.\r\n\r\nIt would be beneficial for tutors to use the last modified date of\r\neach line of code to do further processing.\r\n\r\nLet\u0027s add the last modified date of each line of code within the\r\n`authorship.json`. This functionality will only be enabled when the\r\nuser specifies the flag \u0027--last-modified-date\u0027 or \u0027-l\u0027 in short.","fileTypesAndContributionMap":{"java":{"insertions":152,"deletions":74},"md":{"insertions":13,"deletions":2}}}]},{"date":"2020-12-18","commitResults":[{"hash":"10c1959fb268466192c54e99af150b152f06f040","messageTitle":"[#1374] Travis: utilise latest node version for PR docs deployment (#1381)","messageBody":"The deployment of PR docs are used with an outdated node version, \r\nwhich causes the building of Markbind to fail.\r\n\r\nSetting the node version to the latest version will fix the issue, \r\nas Markbind requires node version \u003e\u003d v10.13.0 installed.\r\n\r\nLet\u0027s specify the node version for the deployment to be `lts/*`, \r\nwhich will ensure that the Markbind runs without errors.","fileTypesAndContributionMap":{"yml":{"insertions":4,"deletions":0}}}]},{"date":"2021-01-04","commitResults":[{"hash":"3b42fb4a370dddc13a65c74abb2838b1d9f25443","messageTitle":"Update `About us` page (#1393)","messageBody":"The `About us` page contains outdated information as some \r\ncontributors no longer participate in RepoSense.\r\n\r\nLet\u0027s update the `About us` page to reflect the most recent team \r\narrangements.","fileTypesAndContributionMap":{"md":{"insertions":55,"deletions":30}}}]}],"yamidark":[],"yong24s":[],"eugenepeh":[]},"authorFileTypeContributionMap":{"ongspxm":{"gradle":0,"pug":0,"java":0,"js":0,"md":0,"scss":0,"yml":0},"jamessspanggg":{"gradle":0,"pug":1,"java":137,"js":0,"md":64,"scss":0,"yml":0},"yamidark":{"gradle":0,"pug":0,"java":0,"js":0,"md":0,"scss":0,"yml":0},"yong24s":{"gradle":0,"pug":0,"java":0,"js":0,"md":0,"scss":0,"yml":0},"eugenepeh":{"gradle":0,"pug":0,"java":0,"js":0,"md":0,"scss":0,"yml":0}},"authorContributionVariance":{"ongspxm":0.0,"jamessspanggg":813.6192,"yamidark":0.0,"yong24s":0.0,"eugenepeh":0.0},"authorDisplayNameMap":{"ongspxm":"Metta","jamessspanggg":"James","yamidark":"Jun An","yong24s":"Yong Hao","eugenepeh":"Eugene"}}
