{"authorDailyContributionsMap":{"JeremiasLiew":[],"alexlim510":[],"kcubey":[],"Jeremy733":[]},"authorFileTypeContributionMap":{"JeremiasLiew":{"docs":0,"functional-code":0,"test-code":0},"alexlim510":{"docs":0,"functional-code":0,"test-code":0},"kcubey":{"docs":0,"functional-code":0,"test-code":0},"Jeremy733":{"docs":0,"functional-code":0,"test-code":0}},"authorContributionVariance":{"JeremiasLiew":0.0,"alexlim510":0.0,"kcubey":0.0,"Jeremy733":0.0},"authorDisplayNameMap":{"JeremiasLiew":"CS2113-T15-2 JERE.. HUI","alexlim510":"CS2113-T15-2 ALEX.. XUN","kcubey":"CS2113-T15-2 KEZI.. YUN","Jeremy733":"CS2113-T15-2 ZHAN..FANG"}}
