{"authorDailyContributionsMap":{"btricec":[],"rdimaio":[],"siuhian":[],"nigellenl":[],"ananda-lye":[]},"authorFileTypeContributionMap":{"btricec":{},"rdimaio":{},"siuhian":{},"nigellenl":{},"ananda-lye":{}},"authorContributionVariance":{"btricec":0.0,"rdimaio":0.0,"siuhian":0.0,"nigellenl":0.0,"ananda-lye":0.0},"authorDisplayNameMap":{"btricec":"CS2113-T15-1 BEAT..TONG","rdimaio":"CS2113-T15-1 DI M..ARDO","siuhian":"CS2113-T15-1 NG S..HIAN","nigellenl":"CS2113-T15-1 NIGE..UWEN","ananda-lye":"CS2113-T15-1 LYE ..ANDA"}}
