{"authorDailyContributionsMap":{"lwxymere":[],"joelczk":[],"Keith-JK":[],"jichngan":[],"e0309556":[]},"authorFileTypeContributionMap":{"lwxymere":{},"joelczk":{},"Keith-JK":{},"jichngan":{},"e0309556":{}},"authorContributionVariance":{"lwxymere":0.0,"joelczk":0.0,"Keith-JK":0.0,"jichngan":0.0,"e0309556":0.0},"authorDisplayNameMap":{"lwxymere":"CS2113T-M16-1 LAI ..REMY","joelczk":"CS2113T-M16-1 JOEL.. KAI","Keith-JK":"CS2113T-M16-1 KEIT.. KAI","jichngan":"CS2113T-M16-1 NGAN..HENG","e0309556":"CS2113T-M16-1 TSHI.. REN"}}
