{"authorDailyContributionsMap":{"kokjoon97":[],"JLoh579":[],"Shannonwje":[],"jiajuinphoon":[],"trishaangelica":[]},"authorFileTypeContributionMap":{"kokjoon97":{},"JLoh579":{},"Shannonwje":{},"jiajuinphoon":{},"trishaangelica":{}},"authorContributionVariance":{"kokjoon97":0.0,"JLoh579":0.0,"Shannonwje":0.0,"jiajuinphoon":0.0,"trishaangelica":0.0},"authorDisplayNameMap":{"kokjoon97":"CS2113T-T13-1 TAN ..JOON","JLoh579":"CS2113T-T13-1 LOH ..SHUA","Shannonwje":"CS2113T-T13-1 WONG..NNON","jiajuinphoon":"CS2113T-T13-1 PHOO..JUIN","trishaangelica":"CS2113T-T13-1 LABI..GARA"}}
