{"authorDailyContributionsMap":{"Alexis Lefebvre":[{"date":"2020-12-19","commitResults":[{"hash":"0945af8d89785cb8acb19282e313ac7073e8805d","messageTitle":"Fix typo: partcular -\u003e particular","messageBody":"","fileTypesAndContributionMap":{"md":{"insertions":1,"deletions":1}}}]},{"date":"2021-01-08","commitResults":[{"hash":"d6aa24198327197aa7629ed7775cc8a0cc9b5904","messageTitle":"Fix typo: partcular -\u003e particular #550","messageBody":"","fileTypesAndContributionMap":{"md":{"insertions":1,"deletions":1}}}]}],"adrian5":[{"date":"2020-10-06","commitResults":[{"hash":"0d3c7eb77aa283edb69f16770fab7fe69d971396","messageTitle":"Fix typo in Cascadia Code README","messageBody":"","fileTypesAndContributionMap":{"md":{"insertions":3,"deletions":3}}}]}],"Stephan Hradek":[{"date":"2021-01-25","commitResults":[{"hash":"384a95567d1e646dc88f881aadd0b1f561ae3356","messageTitle":"link to gohu.eu is dead","messageBody":"Replaced with link to gohu.org","fileTypesAndContributionMap":{"md":{"insertions":55,"deletions":55}}}]}],"Christian Kjær":[{"date":"2021-01-03","commitResults":[{"hash":"6cc5a2527af9b32cba12ec2dad3ee2da60718a67","messageTitle":"Update contribution instructions with `fontforge --script`","messageBody":"Following issue #225 it seems fontforge has updated how it behaves after installing. For a consistent experience across \r\nvarious operating systems (Ubuntu, macOS, etc), it seems we get better results by pre-pending `fontforge --script ..` \r\nbefore running the `font-patcher` script.","fileTypesAndContributionMap":{"md":{"insertions":2,"deletions":2}}}]}],"duganchen":[{"date":"2020-11-30","commitResults":[{"hash":"0c372875ced7a855a65da58f5ccb811520cf6504","messageTitle":"Update font-patcher","messageBody":"Fix \"Subfmaily\" typo","fileTypesAndContributionMap":{"other":{"insertions":1,"deletions":1}}}]}],"Harwood":[{"date":"2020-10-30","commitResults":[{"hash":"0d930b988814ce302b64e20df9dcc6942f8c55c4","messageTitle":"spelling: hermut -\u003e hurmit","messageBody":"","fileTypesAndContributionMap":{"md":{"insertions":1,"deletions":1}}}]}],"Jesse David Peterson":[{"date":"2020-12-23","commitResults":[{"hash":"151c7b441fb7b1c5a68b742c7b927c1081799049","messageTitle":"Corrected command for Mac OSX Homebrew install","messageBody":"","fileTypesAndContributionMap":{"md":{"insertions":1,"deletions":1}}}]}],"Ryan L McIntyre":[{"date":"2020-12-05","commitResults":[{"hash":"99e87c1fcc5f73ec4f7afa9ed6694d9b20e274dd","messageTitle":"fixes #528","messageBody":"expand on warning about repo size","fileTypesAndContributionMap":{"md":{"insertions":1,"deletions":1}}}]},{"date":"2021-02-01","commitResults":[{"hash":"0692959e717dd1362d89dd5bb6d7b8d5bb523e3b","messageTitle":"Attempt to fix line endings","messageBody":"","fileTypesAndContributionMap":{"md":{"insertions":71,"deletions":71}}}]}]},"authorFileTypeContributionMap":{"Alexis Lefebvre":{"md":2},"adrian5":{"md":2},"Stephan Hradek":{"md":1},"Christian Kjær":{"md":2},"duganchen":{"other":1},"Harwood":{"md":1},"Jesse David Peterson":{"md":1},"Ryan L McIntyre":{"md":1}},"authorContributionVariance":{"Alexis Lefebvre":0.061523438,"adrian5":0.27905273,"Stephan Hradek":93.79271,"Christian Kjær":0.12402344,"duganchen":0.03100586,"Harwood":0.03100586,"Jesse David Peterson":0.03100586,"Ryan L McIntyre":156.29688},"authorDisplayNameMap":{"Alexis Lefebvre":"Alexis Lefebvre","adrian5":"adrian5","Stephan Hradek":"Stephan Hradek","Christian Kjær":"Christian Kjær","duganchen":"duganchen","Harwood":"Harwood","Jesse David Peterson":"Jesse David Peterson","Ryan L McIntyre":"Ryan L McIntyre"}}
