{"authorDailyContributionsMap":{"Alexis Lefebvre":[],"adrian5":[],"Stephan Hradek":[],"Christian Kjær":[],"duganchen":[],"Harwood":[],"Jesse David Peterson":[],"Ryan L McIntyre":[{"date":"2020-11-30","commitResults":[{"hash":"60386c46c2b3546b218a421608af54aed5571d36","messageTitle":"Merge branch \u0027master\u0027 into font/cascadiacode-2007.01","messageBody":"","fileTypesAndContributionMap":{"txt":{"insertions":29488,"deletions":0}}}]}]},"authorFileTypeContributionMap":{"Alexis Lefebvre":{"txt":0},"adrian5":{"txt":0},"Stephan Hradek":{"txt":0},"Christian Kjær":{"txt":0},"duganchen":{"txt":0},"Harwood":{"txt":0},"Jesse David Peterson":{"txt":0},"Ryan L McIntyre":{"txt":0}},"authorContributionVariance":{"Alexis Lefebvre":0.0,"adrian5":0.0,"Stephan Hradek":0.0,"Christian Kjær":0.0,"duganchen":0.0,"Harwood":0.0,"Jesse David Peterson":0.0,"Ryan L McIntyre":1.3171762E7},"authorDisplayNameMap":{"Alexis Lefebvre":"Alexis Lefebvre","adrian5":"adrian5","Stephan Hradek":"Stephan Hradek","Christian Kjær":"Christian Kjær","duganchen":"duganchen","Harwood":"Harwood","Jesse David Peterson":"Jesse David Peterson","Ryan L McIntyre":"Ryan L McIntyre"}}
