{"authorDailyContributionsMap":{"Alexis Lefebvre":[],"adrian5":[],"Stephan Hradek":[],"Christian Kjær":[],"duganchen":[],"Harwood":[],"Jesse David Peterson":[],"Ryan L McIntyre":[]},"authorFileTypeContributionMap":{"Alexis Lefebvre":{"txt":0},"adrian5":{"txt":0},"Stephan Hradek":{"txt":0},"Christian Kjær":{"txt":0},"duganchen":{"txt":0},"Harwood":{"txt":0},"Jesse David Peterson":{"txt":0},"Ryan L McIntyre":{"txt":0}},"authorContributionVariance":{"Alexis Lefebvre":0.0,"adrian5":0.0,"Stephan Hradek":0.0,"Christian Kjær":0.0,"duganchen":0.0,"Harwood":0.0,"Jesse David Peterson":0.0,"Ryan L McIntyre":0.0},"authorDisplayNameMap":{"Alexis Lefebvre":"Alexis Lefebvre","adrian5":"adrian5","Stephan Hradek":"Stephan Hradek","Christian Kjær":"Christian Kjær","duganchen":"duganchen","Harwood":"Harwood","Jesse David Peterson":"Jesse David Peterson","Ryan L McIntyre":"Ryan L McIntyre"}}
