[{"path":"python/requirements.txt","fileType":"txt","lines":[{"lineNumber":1,"author":{"gitId":"-"},"content":"# Ensure all versions are pinned for repeatability,"},{"lineNumber":2,"author":{"gitId":"-"},"content":"# since `--system-site-packages` is enabled"},{"lineNumber":3,"author":{"gitId":"-"},"content":""},{"lineNumber":4,"author":{"gitId":"-"},"content":"blessings \u003d\u003d 1.6"},{"lineNumber":5,"author":{"gitId":"-"},"content":"distro \u003d\u003d 1.4"},{"lineNumber":6,"author":{"gitId":"-"},"content":"mach \u003d\u003d 1.0.0"},{"lineNumber":7,"author":{"gitId":"Josh Matthews"},"content":"mozdebug \u003d\u003d 0.3"},{"lineNumber":8,"author":{"gitId":"Vincent Ricard"},"content":"mozinfo \u003d\u003d 1.2.1"},{"lineNumber":9,"author":{"gitId":"Vincent Ricard"},"content":"mozlog \u003d\u003d 7.1.0"},{"lineNumber":10,"author":{"gitId":"Vincent Ricard"},"content":"setuptools \u003d\u003d 50.3.2"},{"lineNumber":11,"author":{"gitId":"-"},"content":"toml \u003d\u003d 0.9.2"},{"lineNumber":12,"author":{"gitId":"-"},"content":""},{"lineNumber":13,"author":{"gitId":"-"},"content":"# For Python linting"},{"lineNumber":14,"author":{"gitId":"-"},"content":"flake8 \u003d\u003d 3.8.3"},{"lineNumber":15,"author":{"gitId":"-"},"content":"pep8 \u003d\u003d 1.5.7"},{"lineNumber":16,"author":{"gitId":"-"},"content":"pyflakes \u003d\u003d 2.2.0"},{"lineNumber":17,"author":{"gitId":"-"},"content":""},{"lineNumber":18,"author":{"gitId":"-"},"content":"# For test-webidl"},{"lineNumber":19,"author":{"gitId":"-"},"content":"ply \u003d\u003d 3.8"},{"lineNumber":20,"author":{"gitId":"-"},"content":""},{"lineNumber":21,"author":{"gitId":"-"},"content":"# For Cross-platform colored terminal text"},{"lineNumber":22,"author":{"gitId":"-"},"content":"colorama \u003d\u003d 0.3.7"},{"lineNumber":23,"author":{"gitId":"-"},"content":""},{"lineNumber":24,"author":{"gitId":"-"},"content":"# For package uploading"},{"lineNumber":25,"author":{"gitId":"Josh Matthews"},"content":"boto3 \u003d\u003d 1.17.27"},{"lineNumber":26,"author":{"gitId":"-"},"content":""},{"lineNumber":27,"author":{"gitId":"-"},"content":"# Default root CAs on Windows CI do not trust CloudFront certificates,"},{"lineNumber":28,"author":{"gitId":"-"},"content":"# connecting to https://static.rust-lang.org would fail:"},{"lineNumber":29,"author":{"gitId":"-"},"content":"# https://github.com/servo/servo/pull/18942"},{"lineNumber":30,"author":{"gitId":"-"},"content":"certifi"},{"lineNumber":31,"author":{"gitId":"-"},"content":""},{"lineNumber":32,"author":{"gitId":"-"},"content":"# For Python3 compatibility"},{"lineNumber":33,"author":{"gitId":"Vincent Ricard"},"content":"six \u003d\u003d 1.15"},{"lineNumber":34,"author":{"gitId":"-"},"content":""},{"lineNumber":35,"author":{"gitId":"-"},"content":"-e python/tidy"}],"authorContributionMap":{"Josh Matthews":2,"Vincent Ricard":4,"-":29}},{"path":"tests/wpt/web-platform-tests/clipboard-apis/resources/copied-file.txt","fileType":"txt","lines":[{"lineNumber":1,"author":{"gitId":"WPT Sync Bot"},"content":"copied-file-contents"}],"authorContributionMap":{"WPT Sync Bot":1}},{"path":"tests/wpt/web-platform-tests/css/requirements.txt","fileType":"txt","lines":[{"lineNumber":1,"author":{"gitId":"-"},"content":"Template-Python\u003d\u003d0.1.post1"},{"lineNumber":2,"author":{"gitId":"-"},"content":"html5lib\u003d\u003d1.1"},{"lineNumber":3,"author":{"gitId":"WPT Sync Bot"},"content":"lxml\u003d\u003d4.6.2"},{"lineNumber":4,"author":{"gitId":"-"},"content":"mercurial\u003d\u003d4.5"},{"lineNumber":5,"author":{"gitId":"-"},"content":"six\u003d\u003d1.15.0"},{"lineNumber":6,"author":{"gitId":"-"},"content":"webencodings\u003d\u003d0.5.1"}],"authorContributionMap":{"-":5,"WPT Sync Bot":1}},{"path":"tests/wpt/web-platform-tests/density-size-correction/third_party/piexif/LICENSE.txt","fileType":"txt","lines":[{"lineNumber":1,"author":{"gitId":"bors-servo"},"content":"The MIT License (MIT)"},{"lineNumber":2,"author":{"gitId":"bors-servo"},"content":""},{"lineNumber":3,"author":{"gitId":"bors-servo"},"content":"Copyright (c) 2014 Hiroaki Matoba"},{"lineNumber":4,"author":{"gitId":"bors-servo"},"content":""},{"lineNumber":5,"author":{"gitId":"bors-servo"},"content":"Permission is hereby granted, free of charge, to any person obtaining a copy"},{"lineNumber":6,"author":{"gitId":"bors-servo"},"content":"of this software and associated documentation files (the \"Software\"), to deal"},{"lineNumber":7,"author":{"gitId":"bors-servo"},"content":"in the Software without restriction, including without limitation the rights"},{"lineNumber":8,"author":{"gitId":"bors-servo"},"content":"to use, copy, modify, merge, publish, distribute, sublicense, and/or sell"},{"lineNumber":9,"author":{"gitId":"bors-servo"},"content":"copies of the Software, and to permit persons to whom the Software is"},{"lineNumber":10,"author":{"gitId":"bors-servo"},"content":"furnished to do so, subject to the following conditions:"},{"lineNumber":11,"author":{"gitId":"bors-servo"},"content":""},{"lineNumber":12,"author":{"gitId":"bors-servo"},"content":"The above copyright notice and this permission notice shall be included in all"},{"lineNumber":13,"author":{"gitId":"bors-servo"},"content":"copies or substantial portions of the Software."},{"lineNumber":14,"author":{"gitId":"bors-servo"},"content":""},{"lineNumber":15,"author":{"gitId":"bors-servo"},"content":"THE SOFTWARE IS PROVIDED \"AS IS\", WITHOUT WARRANTY OF ANY KIND, EXPRESS OR"},{"lineNumber":16,"author":{"gitId":"bors-servo"},"content":"IMPLIED, INCLUDING BUT NOT LIMITED TO THE WARRANTIES OF MERCHANTABILITY,"},{"lineNumber":17,"author":{"gitId":"bors-servo"},"content":"FITNESS FOR A PARTICULAR PURPOSE AND NONINFRINGEMENT. IN NO EVENT SHALL THE"},{"lineNumber":18,"author":{"gitId":"bors-servo"},"content":"AUTHORS OR COPYRIGHT HOLDERS BE LIABLE FOR ANY CLAIM, DAMAGES OR OTHER"},{"lineNumber":19,"author":{"gitId":"bors-servo"},"content":"LIABILITY, WHETHER IN AN ACTION OF CONTRACT, TORT OR OTHERWISE, ARISING FROM,"},{"lineNumber":20,"author":{"gitId":"bors-servo"},"content":"OUT OF OR IN CONNECTION WITH THE SOFTWARE OR THE USE OR OTHER DEALINGS IN THE"},{"lineNumber":21,"author":{"gitId":"bors-servo"},"content":"SOFTWARE."}],"authorContributionMap":{"bors-servo":21}},{"path":"tests/wpt/web-platform-tests/docs/requirements.txt","fileType":"txt","lines":[{"lineNumber":1,"author":{"gitId":"WPT Sync Bot"},"content":"recommonmark\u003d\u003d0.7.1"},{"lineNumber":2,"author":{"gitId":"WPT Sync Bot"},"content":"# Pin this to the same major version as https://docs.python.org/3/"},{"lineNumber":3,"author":{"gitId":"WPT Sync Bot"},"content":"Sphinx\u003d\u003d2.4.4  # pyup: \u003c3.0"},{"lineNumber":4,"author":{"gitId":"-"},"content":"sphinx-argparse\u003d\u003d0.2.5"}],"authorContributionMap":{"-":1,"WPT Sync Bot":3}},{"path":"tests/wpt/web-platform-tests/tools/requirements_flake8.txt","fileType":"txt","lines":[{"lineNumber":1,"author":{"gitId":"bors-servo"},"content":"flake8\u003d\u003d3.8.4"},{"lineNumber":2,"author":{"gitId":"-"},"content":"pycodestyle\u003d\u003d2.6.0"},{"lineNumber":3,"author":{"gitId":"-"},"content":"pyflakes\u003d\u003d2.2.0"},{"lineNumber":4,"author":{"gitId":"-"},"content":"pep8-naming\u003d\u003d0.11.1"}],"authorContributionMap":{"bors-servo":1,"-":3}},{"path":"tests/wpt/web-platform-tests/tools/requirements_mypy.txt","fileType":"txt","lines":[{"lineNumber":1,"author":{"gitId":"WPT Sync Bot"},"content":"mypy\u003d\u003d0.812"},{"lineNumber":2,"author":{"gitId":"-"},"content":"mypy-extensions\u003d\u003d0.4.3"},{"lineNumber":3,"author":{"gitId":"WPT Sync Bot"},"content":"typed-ast\u003d\u003d1.4.2"}],"authorContributionMap":{"-":1,"WPT Sync Bot":2}},{"path":"tests/wpt/web-platform-tests/tools/third_party/funcsigs/requirements/development.txt","fileType":"txt","lines":[{"lineNumber":1,"author":{"gitId":"-"},"content":"coverage"},{"lineNumber":2,"author":{"gitId":"-"},"content":"coveralls"},{"lineNumber":3,"author":{"gitId":"-"},"content":"flake8"},{"lineNumber":4,"author":{"gitId":"-"},"content":"sphinx"},{"lineNumber":5,"author":{"gitId":"WPT Sync Bot"},"content":"unittest2"}],"authorContributionMap":{"-":4,"WPT Sync Bot":1}},{"path":"tests/wpt/web-platform-tests/tools/third_party/h2/test_requirements.txt","fileType":"txt","lines":[{"lineNumber":1,"author":{"gitId":"WPT Sync Bot"},"content":"pytest\u003d\u003d4.6.5  # rq.filter: \u003c 5"},{"lineNumber":2,"author":{"gitId":"WPT Sync Bot"},"content":"pytest-cov\u003d\u003d2.8.1"},{"lineNumber":3,"author":{"gitId":"WPT Sync Bot"},"content":"pytest-xdist\u003d\u003d1.31.0"},{"lineNumber":4,"author":{"gitId":"WPT Sync Bot"},"content":"coverage\u003d\u003d4.5.4"},{"lineNumber":5,"author":{"gitId":"WPT Sync Bot"},"content":"hypothesis"}],"authorContributionMap":{"WPT Sync Bot":5}},{"path":"tests/wpt/web-platform-tests/tools/third_party/iniconfig/README.txt","fileType":"txt","lines":[{"lineNumber":1,"author":{"gitId":"WPT Sync Bot"},"content":"iniconfig: brain-dead simple parsing of ini files"},{"lineNumber":2,"author":{"gitId":"WPT Sync Bot"},"content":"\u003d\u003d\u003d\u003d\u003d\u003d\u003d\u003d\u003d\u003d\u003d\u003d\u003d\u003d\u003d\u003d\u003d\u003d\u003d\u003d\u003d\u003d\u003d\u003d\u003d\u003d\u003d\u003d\u003d\u003d\u003d\u003d\u003d\u003d\u003d\u003d\u003d\u003d\u003d\u003d\u003d\u003d\u003d\u003d\u003d\u003d\u003d\u003d\u003d\u003d\u003d\u003d\u003d\u003d\u003d"},{"lineNumber":3,"author":{"gitId":"WPT Sync Bot"},"content":""},{"lineNumber":4,"author":{"gitId":"WPT Sync Bot"},"content":"iniconfig is a small and simple INI-file parser module"},{"lineNumber":5,"author":{"gitId":"WPT Sync Bot"},"content":"having a unique set of features:"},{"lineNumber":6,"author":{"gitId":"WPT Sync Bot"},"content":""},{"lineNumber":7,"author":{"gitId":"WPT Sync Bot"},"content":"* tested against Python2.4 across to Python3.2, Jython, PyPy"},{"lineNumber":8,"author":{"gitId":"WPT Sync Bot"},"content":"* maintains order of sections and entries"},{"lineNumber":9,"author":{"gitId":"WPT Sync Bot"},"content":"* supports multi-line values with or without line-continuations"},{"lineNumber":10,"author":{"gitId":"WPT Sync Bot"},"content":"* supports \"#\" comments everywhere"},{"lineNumber":11,"author":{"gitId":"WPT Sync Bot"},"content":"* raises errors with proper line-numbers"},{"lineNumber":12,"author":{"gitId":"WPT Sync Bot"},"content":"* no bells and whistles like automatic substitutions"},{"lineNumber":13,"author":{"gitId":"WPT Sync Bot"},"content":"* iniconfig raises an Error if two sections have the same name."},{"lineNumber":14,"author":{"gitId":"WPT Sync Bot"},"content":""},{"lineNumber":15,"author":{"gitId":"WPT Sync Bot"},"content":"If you encounter issues or have feature wishes please report them to:"},{"lineNumber":16,"author":{"gitId":"WPT Sync Bot"},"content":""},{"lineNumber":17,"author":{"gitId":"WPT Sync Bot"},"content":"    http://github.com/RonnyPfannschmidt/iniconfig/issues"},{"lineNumber":18,"author":{"gitId":"WPT Sync Bot"},"content":""},{"lineNumber":19,"author":{"gitId":"WPT Sync Bot"},"content":"Basic Example"},{"lineNumber":20,"author":{"gitId":"WPT Sync Bot"},"content":"\u003d\u003d\u003d\u003d\u003d\u003d\u003d\u003d\u003d\u003d\u003d\u003d\u003d\u003d\u003d\u003d\u003d\u003d\u003d\u003d\u003d\u003d\u003d\u003d\u003d\u003d\u003d\u003d\u003d\u003d\u003d\u003d\u003d\u003d\u003d"},{"lineNumber":21,"author":{"gitId":"WPT Sync Bot"},"content":""},{"lineNumber":22,"author":{"gitId":"WPT Sync Bot"},"content":"If you have an ini file like this::"},{"lineNumber":23,"author":{"gitId":"WPT Sync Bot"},"content":""},{"lineNumber":24,"author":{"gitId":"WPT Sync Bot"},"content":"    # content of example.ini"},{"lineNumber":25,"author":{"gitId":"WPT Sync Bot"},"content":"    [section1] # comment"},{"lineNumber":26,"author":{"gitId":"WPT Sync Bot"},"content":"    name1\u003dvalue1  # comment"},{"lineNumber":27,"author":{"gitId":"WPT Sync Bot"},"content":"    name1b\u003dvalue1,value2  # comment"},{"lineNumber":28,"author":{"gitId":"WPT Sync Bot"},"content":""},{"lineNumber":29,"author":{"gitId":"WPT Sync Bot"},"content":"    [section2]"},{"lineNumber":30,"author":{"gitId":"WPT Sync Bot"},"content":"    name2\u003d"},{"lineNumber":31,"author":{"gitId":"WPT Sync Bot"},"content":"        line1"},{"lineNumber":32,"author":{"gitId":"WPT Sync Bot"},"content":"        line2"},{"lineNumber":33,"author":{"gitId":"WPT Sync Bot"},"content":""},{"lineNumber":34,"author":{"gitId":"WPT Sync Bot"},"content":"then you can do::"},{"lineNumber":35,"author":{"gitId":"WPT Sync Bot"},"content":""},{"lineNumber":36,"author":{"gitId":"WPT Sync Bot"},"content":"    \u003e\u003e\u003e import iniconfig"},{"lineNumber":37,"author":{"gitId":"WPT Sync Bot"},"content":"    \u003e\u003e\u003e ini \u003d iniconfig.IniConfig(\"example.ini\")"},{"lineNumber":38,"author":{"gitId":"WPT Sync Bot"},"content":"    \u003e\u003e\u003e ini[\u0027section1\u0027][\u0027name1\u0027] # raises KeyError if not exists"},{"lineNumber":39,"author":{"gitId":"WPT Sync Bot"},"content":"    \u0027value1\u0027"},{"lineNumber":40,"author":{"gitId":"WPT Sync Bot"},"content":"    \u003e\u003e\u003e ini.get(\u0027section1\u0027, \u0027name1b\u0027, [], lambda x: x.split(\",\"))"},{"lineNumber":41,"author":{"gitId":"WPT Sync Bot"},"content":"    [\u0027value1\u0027, \u0027value2\u0027]"},{"lineNumber":42,"author":{"gitId":"WPT Sync Bot"},"content":"    \u003e\u003e\u003e ini.get(\u0027section1\u0027, \u0027notexist\u0027, [], lambda x: x.split(\",\"))"},{"lineNumber":43,"author":{"gitId":"WPT Sync Bot"},"content":"    []"},{"lineNumber":44,"author":{"gitId":"WPT Sync Bot"},"content":"    \u003e\u003e\u003e [x.name for x in list(ini)]"},{"lineNumber":45,"author":{"gitId":"WPT Sync Bot"},"content":"    [\u0027section1\u0027, \u0027section2\u0027]"},{"lineNumber":46,"author":{"gitId":"WPT Sync Bot"},"content":"    \u003e\u003e\u003e list(list(ini)[0].items())"},{"lineNumber":47,"author":{"gitId":"WPT Sync Bot"},"content":"    [(\u0027name1\u0027, \u0027value1\u0027), (\u0027name1b\u0027, \u0027value1,value2\u0027)]"},{"lineNumber":48,"author":{"gitId":"WPT Sync Bot"},"content":"    \u003e\u003e\u003e \u0027section1\u0027 in ini"},{"lineNumber":49,"author":{"gitId":"WPT Sync Bot"},"content":"    True"},{"lineNumber":50,"author":{"gitId":"WPT Sync Bot"},"content":"    \u003e\u003e\u003e \u0027inexistendsection\u0027 in ini"},{"lineNumber":51,"author":{"gitId":"WPT Sync Bot"},"content":"    False"}],"authorContributionMap":{"WPT Sync Bot":51}},{"path":"tests/wpt/web-platform-tests/tools/third_party/packaging/docs/requirements.txt","fileType":"txt","lines":[{"lineNumber":1,"author":{"gitId":"WPT Sync Bot"},"content":"furo"}],"authorContributionMap":{"WPT Sync Bot":1}},{"path":"tests/wpt/web-platform-tests/tools/third_party/packaging/tasks/requirements.txt","fileType":"txt","lines":[{"lineNumber":1,"author":{"gitId":"WPT Sync Bot"},"content":"# The requirements required to invoke the tasks"},{"lineNumber":2,"author":{"gitId":"WPT Sync Bot"},"content":"invoke"},{"lineNumber":3,"author":{"gitId":"WPT Sync Bot"},"content":"progress"}],"authorContributionMap":{"WPT Sync Bot":3}},{"path":"tests/wpt/web-platform-tests/tools/third_party/pathlib2/requirements.txt","fileType":"txt","lines":[{"lineNumber":1,"author":{"gitId":"WPT Sync Bot"},"content":"six"},{"lineNumber":2,"author":{"gitId":"WPT Sync Bot"},"content":"scandir; python_version \u003c \u00273.5\u0027"},{"lineNumber":3,"author":{"gitId":"WPT Sync Bot"},"content":"mock; python_version \u003c \u00273.3\u0027"}],"authorContributionMap":{"WPT Sync Bot":3}},{"path":"tests/wpt/web-platform-tests/tools/third_party/pytest-asyncio/pytest_asyncio.egg-info/SOURCES.txt","fileType":"txt","lines":[{"lineNumber":1,"author":{"gitId":"WPT Sync Bot"},"content":"LICENSE"},{"lineNumber":2,"author":{"gitId":"WPT Sync Bot"},"content":"README.rst"},{"lineNumber":3,"author":{"gitId":"WPT Sync Bot"},"content":"setup.cfg"},{"lineNumber":4,"author":{"gitId":"WPT Sync Bot"},"content":"setup.py"},{"lineNumber":5,"author":{"gitId":"WPT Sync Bot"},"content":"pytest_asyncio/__init__.py"},{"lineNumber":6,"author":{"gitId":"WPT Sync Bot"},"content":"pytest_asyncio/plugin.py"},{"lineNumber":7,"author":{"gitId":"WPT Sync Bot"},"content":"pytest_asyncio.egg-info/PKG-INFO"},{"lineNumber":8,"author":{"gitId":"WPT Sync Bot"},"content":"pytest_asyncio.egg-info/SOURCES.txt"},{"lineNumber":9,"author":{"gitId":"WPT Sync Bot"},"content":"pytest_asyncio.egg-info/dependency_links.txt"},{"lineNumber":10,"author":{"gitId":"WPT Sync Bot"},"content":"pytest_asyncio.egg-info/entry_points.txt"},{"lineNumber":11,"author":{"gitId":"WPT Sync Bot"},"content":"pytest_asyncio.egg-info/requires.txt"},{"lineNumber":12,"author":{"gitId":"WPT Sync Bot"},"content":"pytest_asyncio.egg-info/top_level.txt"}],"authorContributionMap":{"WPT Sync Bot":12}},{"path":"tests/wpt/web-platform-tests/tools/third_party/pytest-asyncio/pytest_asyncio.egg-info/entry_points.txt","fileType":"txt","lines":[{"lineNumber":1,"author":{"gitId":"WPT Sync Bot"},"content":"[pytest11]"},{"lineNumber":2,"author":{"gitId":"WPT Sync Bot"},"content":"asyncio \u003d pytest_asyncio.plugin"},{"lineNumber":3,"author":{"gitId":"WPT Sync Bot"},"content":""}],"authorContributionMap":{"WPT Sync Bot":3}},{"path":"tests/wpt/web-platform-tests/tools/third_party/pytest-asyncio/pytest_asyncio.egg-info/requires.txt","fileType":"txt","lines":[{"lineNumber":1,"author":{"gitId":"WPT Sync Bot"},"content":"pytest\u003e\u003d5.4.0"},{"lineNumber":2,"author":{"gitId":"WPT Sync Bot"},"content":""},{"lineNumber":3,"author":{"gitId":"WPT Sync Bot"},"content":"[:python_version \u003d\u003d \"3.5\"]"},{"lineNumber":4,"author":{"gitId":"WPT Sync Bot"},"content":"async_generator\u003e\u003d1.3"},{"lineNumber":5,"author":{"gitId":"WPT Sync Bot"},"content":""},{"lineNumber":6,"author":{"gitId":"WPT Sync Bot"},"content":"[testing]"},{"lineNumber":7,"author":{"gitId":"WPT Sync Bot"},"content":"async_generator\u003e\u003d1.3"},{"lineNumber":8,"author":{"gitId":"WPT Sync Bot"},"content":"coverage"},{"lineNumber":9,"author":{"gitId":"WPT Sync Bot"},"content":"hypothesis\u003e\u003d5.7.1"}],"authorContributionMap":{"WPT Sync Bot":9}},{"path":"tests/wpt/web-platform-tests/tools/third_party/pytest-asyncio/pytest_asyncio.egg-info/top_level.txt","fileType":"txt","lines":[{"lineNumber":1,"author":{"gitId":"WPT Sync Bot"},"content":"pytest_asyncio"}],"authorContributionMap":{"WPT Sync Bot":1}},{"path":"tests/wpt/web-platform-tests/tools/third_party/pytest/doc/en/requirements.txt","fileType":"txt","lines":[{"lineNumber":1,"author":{"gitId":"WPT Sync Bot"},"content":"pallets-sphinx-themes"},{"lineNumber":2,"author":{"gitId":"WPT Sync Bot"},"content":"pygments-pytest\u003e\u003d1.1.0"},{"lineNumber":3,"author":{"gitId":"WPT Sync Bot"},"content":"sphinx-removed-in\u003e\u003d0.2.0"},{"lineNumber":4,"author":{"gitId":"WPT Sync Bot"},"content":"sphinx\u003e\u003d3.1,\u003c4"},{"lineNumber":5,"author":{"gitId":"-"},"content":"sphinxcontrib-trio"}],"authorContributionMap":{"-":1,"WPT Sync Bot":4}},{"path":"tests/wpt/web-platform-tests/tools/third_party/pytest/src/pytest.egg-info/SOURCES.txt","fileType":"txt","lines":[{"lineNumber":1,"author":{"gitId":"WPT Sync Bot"},"content":".coveragerc"},{"lineNumber":2,"author":{"gitId":"WPT Sync Bot"},"content":".gitattributes"},{"lineNumber":3,"author":{"gitId":"WPT Sync Bot"},"content":".gitblameignore"},{"lineNumber":4,"author":{"gitId":"WPT Sync Bot"},"content":".gitignore"},{"lineNumber":5,"author":{"gitId":"WPT Sync Bot"},"content":".pre-commit-config.yaml"},{"lineNumber":6,"author":{"gitId":"WPT Sync Bot"},"content":".readthedocs.yml"},{"lineNumber":7,"author":{"gitId":"WPT Sync Bot"},"content":".travis.yml"},{"lineNumber":8,"author":{"gitId":"WPT Sync Bot"},"content":"AUTHORS"},{"lineNumber":9,"author":{"gitId":"WPT Sync Bot"},"content":"CHANGELOG.rst"},{"lineNumber":10,"author":{"gitId":"WPT Sync Bot"},"content":"CITATION"},{"lineNumber":11,"author":{"gitId":"WPT Sync Bot"},"content":"CODE_OF_CONDUCT.md"},{"lineNumber":12,"author":{"gitId":"WPT Sync Bot"},"content":"CONTRIBUTING.rst"},{"lineNumber":13,"author":{"gitId":"WPT Sync Bot"},"content":"LICENSE"},{"lineNumber":14,"author":{"gitId":"WPT Sync Bot"},"content":"OPENCOLLECTIVE.rst"},{"lineNumber":15,"author":{"gitId":"WPT Sync Bot"},"content":"README.rst"},{"lineNumber":16,"author":{"gitId":"WPT Sync Bot"},"content":"RELEASING.rst"},{"lineNumber":17,"author":{"gitId":"WPT Sync Bot"},"content":"TIDELIFT.rst"},{"lineNumber":18,"author":{"gitId":"WPT Sync Bot"},"content":"codecov.yml"},{"lineNumber":19,"author":{"gitId":"WPT Sync Bot"},"content":"pyproject.toml"},{"lineNumber":20,"author":{"gitId":"WPT Sync Bot"},"content":"setup.cfg"},{"lineNumber":21,"author":{"gitId":"WPT Sync Bot"},"content":"setup.py"},{"lineNumber":22,"author":{"gitId":"WPT Sync Bot"},"content":"tox.ini"},{"lineNumber":23,"author":{"gitId":"WPT Sync Bot"},"content":".github/FUNDING.yml"},{"lineNumber":24,"author":{"gitId":"WPT Sync Bot"},"content":".github/PULL_REQUEST_TEMPLATE.md"},{"lineNumber":25,"author":{"gitId":"WPT Sync Bot"},"content":".github/config.yml"},{"lineNumber":26,"author":{"gitId":"WPT Sync Bot"},"content":".github/labels.toml"},{"lineNumber":27,"author":{"gitId":"WPT Sync Bot"},"content":".github/ISSUE_TEMPLATE/1_bug_report.md"},{"lineNumber":28,"author":{"gitId":"WPT Sync Bot"},"content":".github/ISSUE_TEMPLATE/2_feature_request.md"},{"lineNumber":29,"author":{"gitId":"WPT Sync Bot"},"content":".github/ISSUE_TEMPLATE/config.yml"},{"lineNumber":30,"author":{"gitId":"WPT Sync Bot"},"content":".github/workflows/main.yml"},{"lineNumber":31,"author":{"gitId":"WPT Sync Bot"},"content":".github/workflows/release-on-comment.yml"},{"lineNumber":32,"author":{"gitId":"WPT Sync Bot"},"content":"bench/bench.py"},{"lineNumber":33,"author":{"gitId":"WPT Sync Bot"},"content":"bench/bench_argcomplete.py"},{"lineNumber":34,"author":{"gitId":"WPT Sync Bot"},"content":"bench/empty.py"},{"lineNumber":35,"author":{"gitId":"WPT Sync Bot"},"content":"bench/manyparam.py"},{"lineNumber":36,"author":{"gitId":"WPT Sync Bot"},"content":"bench/skip.py"},{"lineNumber":37,"author":{"gitId":"WPT Sync Bot"},"content":"changelog/README.rst"},{"lineNumber":38,"author":{"gitId":"WPT Sync Bot"},"content":"changelog/_template.rst"},{"lineNumber":39,"author":{"gitId":"WPT Sync Bot"},"content":"doc/en/Makefile"},{"lineNumber":40,"author":{"gitId":"WPT Sync Bot"},"content":"doc/en/adopt.rst"},{"lineNumber":41,"author":{"gitId":"WPT Sync Bot"},"content":"doc/en/assert.rst"},{"lineNumber":42,"author":{"gitId":"WPT Sync Bot"},"content":"doc/en/backwards-compatibility.rst"},{"lineNumber":43,"author":{"gitId":"WPT Sync Bot"},"content":"doc/en/bash-completion.rst"},{"lineNumber":44,"author":{"gitId":"WPT Sync Bot"},"content":"doc/en/builtin.rst"},{"lineNumber":45,"author":{"gitId":"WPT Sync Bot"},"content":"doc/en/cache.rst"},{"lineNumber":46,"author":{"gitId":"WPT Sync Bot"},"content":"doc/en/capture.rst"},{"lineNumber":47,"author":{"gitId":"WPT Sync Bot"},"content":"doc/en/changelog.rst"},{"lineNumber":48,"author":{"gitId":"WPT Sync Bot"},"content":"doc/en/conf.py"},{"lineNumber":49,"author":{"gitId":"WPT Sync Bot"},"content":"doc/en/conftest.py"},{"lineNumber":50,"author":{"gitId":"WPT Sync Bot"},"content":"doc/en/contact.rst"},{"lineNumber":51,"author":{"gitId":"WPT Sync Bot"},"content":"doc/en/contents.rst"},{"lineNumber":52,"author":{"gitId":"WPT Sync Bot"},"content":"doc/en/contributing.rst"},{"lineNumber":53,"author":{"gitId":"WPT Sync Bot"},"content":"doc/en/customize.rst"},{"lineNumber":54,"author":{"gitId":"WPT Sync Bot"},"content":"doc/en/deprecations.rst"},{"lineNumber":55,"author":{"gitId":"WPT Sync Bot"},"content":"doc/en/development_guide.rst"},{"lineNumber":56,"author":{"gitId":"WPT Sync Bot"},"content":"doc/en/doctest.rst"},{"lineNumber":57,"author":{"gitId":"WPT Sync Bot"},"content":"doc/en/existingtestsuite.rst"},{"lineNumber":58,"author":{"gitId":"WPT Sync Bot"},"content":"doc/en/fixture.rst"},{"lineNumber":59,"author":{"gitId":"WPT Sync Bot"},"content":"doc/en/flaky.rst"},{"lineNumber":60,"author":{"gitId":"WPT Sync Bot"},"content":"doc/en/funcarg_compare.rst"},{"lineNumber":61,"author":{"gitId":"WPT Sync Bot"},"content":"doc/en/funcargs.rst"},{"lineNumber":62,"author":{"gitId":"WPT Sync Bot"},"content":"doc/en/getting-started.rst"},{"lineNumber":63,"author":{"gitId":"WPT Sync Bot"},"content":"doc/en/goodpractices.rst"},{"lineNumber":64,"author":{"gitId":"WPT Sync Bot"},"content":"doc/en/historical-notes.rst"},{"lineNumber":65,"author":{"gitId":"WPT Sync Bot"},"content":"doc/en/index.rst"},{"lineNumber":66,"author":{"gitId":"WPT Sync Bot"},"content":"doc/en/license.rst"},{"lineNumber":67,"author":{"gitId":"WPT Sync Bot"},"content":"doc/en/logging.rst"},{"lineNumber":68,"author":{"gitId":"WPT Sync Bot"},"content":"doc/en/mark.rst"},{"lineNumber":69,"author":{"gitId":"WPT Sync Bot"},"content":"doc/en/monkeypatch.rst"},{"lineNumber":70,"author":{"gitId":"WPT Sync Bot"},"content":"doc/en/naming20.rst"},{"lineNumber":71,"author":{"gitId":"WPT Sync Bot"},"content":"doc/en/nose.rst"},{"lineNumber":72,"author":{"gitId":"WPT Sync Bot"},"content":"doc/en/parametrize.rst"},{"lineNumber":73,"author":{"gitId":"WPT Sync Bot"},"content":"doc/en/plugins.rst"},{"lineNumber":74,"author":{"gitId":"WPT Sync Bot"},"content":"doc/en/projects.rst"},{"lineNumber":75,"author":{"gitId":"WPT Sync Bot"},"content":"doc/en/py27-py34-deprecation.rst"},{"lineNumber":76,"author":{"gitId":"WPT Sync Bot"},"content":"doc/en/pytest.ini"},{"lineNumber":77,"author":{"gitId":"WPT Sync Bot"},"content":"doc/en/pythonpath.rst"},{"lineNumber":78,"author":{"gitId":"WPT Sync Bot"},"content":"doc/en/recwarn.rst"},{"lineNumber":79,"author":{"gitId":"WPT Sync Bot"},"content":"doc/en/reference.rst"},{"lineNumber":80,"author":{"gitId":"WPT Sync Bot"},"content":"doc/en/requirements.txt"},{"lineNumber":81,"author":{"gitId":"WPT Sync Bot"},"content":"doc/en/skipping.rst"},{"lineNumber":82,"author":{"gitId":"WPT Sync Bot"},"content":"doc/en/sponsor.rst"},{"lineNumber":83,"author":{"gitId":"WPT Sync Bot"},"content":"doc/en/talks.rst"},{"lineNumber":84,"author":{"gitId":"WPT Sync Bot"},"content":"doc/en/tidelift.rst"},{"lineNumber":85,"author":{"gitId":"WPT Sync Bot"},"content":"doc/en/tmpdir.rst"},{"lineNumber":86,"author":{"gitId":"WPT Sync Bot"},"content":"doc/en/unittest.rst"},{"lineNumber":87,"author":{"gitId":"WPT Sync Bot"},"content":"doc/en/usage.rst"},{"lineNumber":88,"author":{"gitId":"WPT Sync Bot"},"content":"doc/en/warnings.rst"},{"lineNumber":89,"author":{"gitId":"WPT Sync Bot"},"content":"doc/en/writing_plugins.rst"},{"lineNumber":90,"author":{"gitId":"WPT Sync Bot"},"content":"doc/en/xunit_setup.rst"},{"lineNumber":91,"author":{"gitId":"WPT Sync Bot"},"content":"doc/en/yieldfixture.rst"},{"lineNumber":92,"author":{"gitId":"WPT Sync Bot"},"content":"doc/en/_templates/globaltoc.html"},{"lineNumber":93,"author":{"gitId":"WPT Sync Bot"},"content":"doc/en/_templates/layout.html"},{"lineNumber":94,"author":{"gitId":"WPT Sync Bot"},"content":"doc/en/_templates/links.html"},{"lineNumber":95,"author":{"gitId":"WPT Sync Bot"},"content":"doc/en/_templates/relations.html"},{"lineNumber":96,"author":{"gitId":"WPT Sync Bot"},"content":"doc/en/_templates/sidebarintro.html"},{"lineNumber":97,"author":{"gitId":"WPT Sync Bot"},"content":"doc/en/_templates/slim_searchbox.html"},{"lineNumber":98,"author":{"gitId":"WPT Sync Bot"},"content":"doc/en/announce/index.rst"},{"lineNumber":99,"author":{"gitId":"WPT Sync Bot"},"content":"doc/en/announce/release-2.0.0.rst"},{"lineNumber":100,"author":{"gitId":"WPT Sync Bot"},"content":"doc/en/announce/release-2.0.1.rst"},{"lineNumber":101,"author":{"gitId":"WPT Sync Bot"},"content":"doc/en/announce/release-2.0.2.rst"},{"lineNumber":102,"author":{"gitId":"WPT Sync Bot"},"content":"doc/en/announce/release-2.0.3.rst"},{"lineNumber":103,"author":{"gitId":"WPT Sync Bot"},"content":"doc/en/announce/release-2.1.0.rst"},{"lineNumber":104,"author":{"gitId":"WPT Sync Bot"},"content":"doc/en/announce/release-2.1.1.rst"},{"lineNumber":105,"author":{"gitId":"WPT Sync Bot"},"content":"doc/en/announce/release-2.1.2.rst"},{"lineNumber":106,"author":{"gitId":"WPT Sync Bot"},"content":"doc/en/announce/release-2.1.3.rst"},{"lineNumber":107,"author":{"gitId":"WPT Sync Bot"},"content":"doc/en/announce/release-2.2.0.rst"},{"lineNumber":108,"author":{"gitId":"WPT Sync Bot"},"content":"doc/en/announce/release-2.2.1.rst"},{"lineNumber":109,"author":{"gitId":"WPT Sync Bot"},"content":"doc/en/announce/release-2.2.2.rst"},{"lineNumber":110,"author":{"gitId":"WPT Sync Bot"},"content":"doc/en/announce/release-2.2.4.rst"},{"lineNumber":111,"author":{"gitId":"WPT Sync Bot"},"content":"doc/en/announce/release-2.3.0.rst"},{"lineNumber":112,"author":{"gitId":"WPT Sync Bot"},"content":"doc/en/announce/release-2.3.1.rst"},{"lineNumber":113,"author":{"gitId":"WPT Sync Bot"},"content":"doc/en/announce/release-2.3.2.rst"},{"lineNumber":114,"author":{"gitId":"WPT Sync Bot"},"content":"doc/en/announce/release-2.3.3.rst"},{"lineNumber":115,"author":{"gitId":"WPT Sync Bot"},"content":"doc/en/announce/release-2.3.4.rst"},{"lineNumber":116,"author":{"gitId":"WPT Sync Bot"},"content":"doc/en/announce/release-2.3.5.rst"},{"lineNumber":117,"author":{"gitId":"WPT Sync Bot"},"content":"doc/en/announce/release-2.4.0.rst"},{"lineNumber":118,"author":{"gitId":"WPT Sync Bot"},"content":"doc/en/announce/release-2.4.1.rst"},{"lineNumber":119,"author":{"gitId":"WPT Sync Bot"},"content":"doc/en/announce/release-2.4.2.rst"},{"lineNumber":120,"author":{"gitId":"WPT Sync Bot"},"content":"doc/en/announce/release-2.5.0.rst"},{"lineNumber":121,"author":{"gitId":"WPT Sync Bot"},"content":"doc/en/announce/release-2.5.1.rst"},{"lineNumber":122,"author":{"gitId":"WPT Sync Bot"},"content":"doc/en/announce/release-2.5.2.rst"},{"lineNumber":123,"author":{"gitId":"WPT Sync Bot"},"content":"doc/en/announce/release-2.6.0.rst"},{"lineNumber":124,"author":{"gitId":"WPT Sync Bot"},"content":"doc/en/announce/release-2.6.1.rst"},{"lineNumber":125,"author":{"gitId":"WPT Sync Bot"},"content":"doc/en/announce/release-2.6.2.rst"},{"lineNumber":126,"author":{"gitId":"WPT Sync Bot"},"content":"doc/en/announce/release-2.6.3.rst"},{"lineNumber":127,"author":{"gitId":"WPT Sync Bot"},"content":"doc/en/announce/release-2.7.0.rst"},{"lineNumber":128,"author":{"gitId":"WPT Sync Bot"},"content":"doc/en/announce/release-2.7.1.rst"},{"lineNumber":129,"author":{"gitId":"WPT Sync Bot"},"content":"doc/en/announce/release-2.7.2.rst"},{"lineNumber":130,"author":{"gitId":"WPT Sync Bot"},"content":"doc/en/announce/release-2.8.2.rst"},{"lineNumber":131,"author":{"gitId":"WPT Sync Bot"},"content":"doc/en/announce/release-2.8.3.rst"},{"lineNumber":132,"author":{"gitId":"WPT Sync Bot"},"content":"doc/en/announce/release-2.8.4.rst"},{"lineNumber":133,"author":{"gitId":"WPT Sync Bot"},"content":"doc/en/announce/release-2.8.5.rst"},{"lineNumber":134,"author":{"gitId":"WPT Sync Bot"},"content":"doc/en/announce/release-2.8.6.rst"},{"lineNumber":135,"author":{"gitId":"WPT Sync Bot"},"content":"doc/en/announce/release-2.8.7.rst"},{"lineNumber":136,"author":{"gitId":"WPT Sync Bot"},"content":"doc/en/announce/release-2.9.0.rst"},{"lineNumber":137,"author":{"gitId":"WPT Sync Bot"},"content":"doc/en/announce/release-2.9.1.rst"},{"lineNumber":138,"author":{"gitId":"WPT Sync Bot"},"content":"doc/en/announce/release-2.9.2.rst"},{"lineNumber":139,"author":{"gitId":"WPT Sync Bot"},"content":"doc/en/announce/release-3.0.0.rst"},{"lineNumber":140,"author":{"gitId":"WPT Sync Bot"},"content":"doc/en/announce/release-3.0.1.rst"},{"lineNumber":141,"author":{"gitId":"WPT Sync Bot"},"content":"doc/en/announce/release-3.0.2.rst"},{"lineNumber":142,"author":{"gitId":"WPT Sync Bot"},"content":"doc/en/announce/release-3.0.3.rst"},{"lineNumber":143,"author":{"gitId":"WPT Sync Bot"},"content":"doc/en/announce/release-3.0.4.rst"},{"lineNumber":144,"author":{"gitId":"WPT Sync Bot"},"content":"doc/en/announce/release-3.0.5.rst"},{"lineNumber":145,"author":{"gitId":"WPT Sync Bot"},"content":"doc/en/announce/release-3.0.6.rst"},{"lineNumber":146,"author":{"gitId":"WPT Sync Bot"},"content":"doc/en/announce/release-3.0.7.rst"},{"lineNumber":147,"author":{"gitId":"WPT Sync Bot"},"content":"doc/en/announce/release-3.1.0.rst"},{"lineNumber":148,"author":{"gitId":"WPT Sync Bot"},"content":"doc/en/announce/release-3.1.1.rst"},{"lineNumber":149,"author":{"gitId":"WPT Sync Bot"},"content":"doc/en/announce/release-3.1.2.rst"},{"lineNumber":150,"author":{"gitId":"WPT Sync Bot"},"content":"doc/en/announce/release-3.1.3.rst"},{"lineNumber":151,"author":{"gitId":"WPT Sync Bot"},"content":"doc/en/announce/release-3.10.0.rst"},{"lineNumber":152,"author":{"gitId":"WPT Sync Bot"},"content":"doc/en/announce/release-3.10.1.rst"},{"lineNumber":153,"author":{"gitId":"WPT Sync Bot"},"content":"doc/en/announce/release-3.2.0.rst"},{"lineNumber":154,"author":{"gitId":"WPT Sync Bot"},"content":"doc/en/announce/release-3.2.1.rst"},{"lineNumber":155,"author":{"gitId":"WPT Sync Bot"},"content":"doc/en/announce/release-3.2.2.rst"},{"lineNumber":156,"author":{"gitId":"WPT Sync Bot"},"content":"doc/en/announce/release-3.2.3.rst"},{"lineNumber":157,"author":{"gitId":"WPT Sync Bot"},"content":"doc/en/announce/release-3.2.4.rst"},{"lineNumber":158,"author":{"gitId":"WPT Sync Bot"},"content":"doc/en/announce/release-3.2.5.rst"},{"lineNumber":159,"author":{"gitId":"WPT Sync Bot"},"content":"doc/en/announce/release-3.3.0.rst"},{"lineNumber":160,"author":{"gitId":"WPT Sync Bot"},"content":"doc/en/announce/release-3.3.1.rst"},{"lineNumber":161,"author":{"gitId":"WPT Sync Bot"},"content":"doc/en/announce/release-3.3.2.rst"},{"lineNumber":162,"author":{"gitId":"WPT Sync Bot"},"content":"doc/en/announce/release-3.4.0.rst"},{"lineNumber":163,"author":{"gitId":"WPT Sync Bot"},"content":"doc/en/announce/release-3.4.1.rst"},{"lineNumber":164,"author":{"gitId":"WPT Sync Bot"},"content":"doc/en/announce/release-3.4.2.rst"},{"lineNumber":165,"author":{"gitId":"WPT Sync Bot"},"content":"doc/en/announce/release-3.5.0.rst"},{"lineNumber":166,"author":{"gitId":"WPT Sync Bot"},"content":"doc/en/announce/release-3.5.1.rst"},{"lineNumber":167,"author":{"gitId":"WPT Sync Bot"},"content":"doc/en/announce/release-3.6.0.rst"},{"lineNumber":168,"author":{"gitId":"WPT Sync Bot"},"content":"doc/en/announce/release-3.6.1.rst"},{"lineNumber":169,"author":{"gitId":"WPT Sync Bot"},"content":"doc/en/announce/release-3.6.2.rst"},{"lineNumber":170,"author":{"gitId":"WPT Sync Bot"},"content":"doc/en/announce/release-3.6.3.rst"},{"lineNumber":171,"author":{"gitId":"WPT Sync Bot"},"content":"doc/en/announce/release-3.6.4.rst"},{"lineNumber":172,"author":{"gitId":"WPT Sync Bot"},"content":"doc/en/announce/release-3.7.0.rst"},{"lineNumber":173,"author":{"gitId":"WPT Sync Bot"},"content":"doc/en/announce/release-3.7.1.rst"},{"lineNumber":174,"author":{"gitId":"WPT Sync Bot"},"content":"doc/en/announce/release-3.7.2.rst"},{"lineNumber":175,"author":{"gitId":"WPT Sync Bot"},"content":"doc/en/announce/release-3.7.3.rst"},{"lineNumber":176,"author":{"gitId":"WPT Sync Bot"},"content":"doc/en/announce/release-3.7.4.rst"},{"lineNumber":177,"author":{"gitId":"WPT Sync Bot"},"content":"doc/en/announce/release-3.8.0.rst"},{"lineNumber":178,"author":{"gitId":"WPT Sync Bot"},"content":"doc/en/announce/release-3.8.1.rst"},{"lineNumber":179,"author":{"gitId":"WPT Sync Bot"},"content":"doc/en/announce/release-3.8.2.rst"},{"lineNumber":180,"author":{"gitId":"WPT Sync Bot"},"content":"doc/en/announce/release-3.9.0.rst"},{"lineNumber":181,"author":{"gitId":"WPT Sync Bot"},"content":"doc/en/announce/release-3.9.1.rst"},{"lineNumber":182,"author":{"gitId":"WPT Sync Bot"},"content":"doc/en/announce/release-3.9.2.rst"},{"lineNumber":183,"author":{"gitId":"WPT Sync Bot"},"content":"doc/en/announce/release-3.9.3.rst"},{"lineNumber":184,"author":{"gitId":"WPT Sync Bot"},"content":"doc/en/announce/release-4.0.0.rst"},{"lineNumber":185,"author":{"gitId":"WPT Sync Bot"},"content":"doc/en/announce/release-4.0.1.rst"},{"lineNumber":186,"author":{"gitId":"WPT Sync Bot"},"content":"doc/en/announce/release-4.0.2.rst"},{"lineNumber":187,"author":{"gitId":"WPT Sync Bot"},"content":"doc/en/announce/release-4.1.0.rst"},{"lineNumber":188,"author":{"gitId":"WPT Sync Bot"},"content":"doc/en/announce/release-4.1.1.rst"},{"lineNumber":189,"author":{"gitId":"WPT Sync Bot"},"content":"doc/en/announce/release-4.2.0.rst"},{"lineNumber":190,"author":{"gitId":"WPT Sync Bot"},"content":"doc/en/announce/release-4.2.1.rst"},{"lineNumber":191,"author":{"gitId":"WPT Sync Bot"},"content":"doc/en/announce/release-4.3.0.rst"},{"lineNumber":192,"author":{"gitId":"WPT Sync Bot"},"content":"doc/en/announce/release-4.3.1.rst"},{"lineNumber":193,"author":{"gitId":"WPT Sync Bot"},"content":"doc/en/announce/release-4.4.0.rst"},{"lineNumber":194,"author":{"gitId":"WPT Sync Bot"},"content":"doc/en/announce/release-4.4.1.rst"},{"lineNumber":195,"author":{"gitId":"WPT Sync Bot"},"content":"doc/en/announce/release-4.4.2.rst"},{"lineNumber":196,"author":{"gitId":"WPT Sync Bot"},"content":"doc/en/announce/release-4.5.0.rst"},{"lineNumber":197,"author":{"gitId":"WPT Sync Bot"},"content":"doc/en/announce/release-4.6.0.rst"},{"lineNumber":198,"author":{"gitId":"WPT Sync Bot"},"content":"doc/en/announce/release-4.6.1.rst"},{"lineNumber":199,"author":{"gitId":"WPT Sync Bot"},"content":"doc/en/announce/release-4.6.2.rst"},{"lineNumber":200,"author":{"gitId":"WPT Sync Bot"},"content":"doc/en/announce/release-4.6.3.rst"},{"lineNumber":201,"author":{"gitId":"WPT Sync Bot"},"content":"doc/en/announce/release-4.6.4.rst"},{"lineNumber":202,"author":{"gitId":"WPT Sync Bot"},"content":"doc/en/announce/release-4.6.5.rst"},{"lineNumber":203,"author":{"gitId":"WPT Sync Bot"},"content":"doc/en/announce/release-4.6.6.rst"},{"lineNumber":204,"author":{"gitId":"WPT Sync Bot"},"content":"doc/en/announce/release-4.6.7.rst"},{"lineNumber":205,"author":{"gitId":"WPT Sync Bot"},"content":"doc/en/announce/release-4.6.8.rst"},{"lineNumber":206,"author":{"gitId":"WPT Sync Bot"},"content":"doc/en/announce/release-4.6.9.rst"},{"lineNumber":207,"author":{"gitId":"WPT Sync Bot"},"content":"doc/en/announce/release-5.0.0.rst"},{"lineNumber":208,"author":{"gitId":"WPT Sync Bot"},"content":"doc/en/announce/release-5.0.1.rst"},{"lineNumber":209,"author":{"gitId":"WPT Sync Bot"},"content":"doc/en/announce/release-5.1.0.rst"},{"lineNumber":210,"author":{"gitId":"WPT Sync Bot"},"content":"doc/en/announce/release-5.1.1.rst"},{"lineNumber":211,"author":{"gitId":"WPT Sync Bot"},"content":"doc/en/announce/release-5.1.2.rst"},{"lineNumber":212,"author":{"gitId":"WPT Sync Bot"},"content":"doc/en/announce/release-5.1.3.rst"},{"lineNumber":213,"author":{"gitId":"WPT Sync Bot"},"content":"doc/en/announce/release-5.2.0.rst"},{"lineNumber":214,"author":{"gitId":"WPT Sync Bot"},"content":"doc/en/announce/release-5.2.1.rst"},{"lineNumber":215,"author":{"gitId":"WPT Sync Bot"},"content":"doc/en/announce/release-5.2.2.rst"},{"lineNumber":216,"author":{"gitId":"WPT Sync Bot"},"content":"doc/en/announce/release-5.2.3.rst"},{"lineNumber":217,"author":{"gitId":"WPT Sync Bot"},"content":"doc/en/announce/release-5.2.4.rst"},{"lineNumber":218,"author":{"gitId":"WPT Sync Bot"},"content":"doc/en/announce/release-5.3.0.rst"},{"lineNumber":219,"author":{"gitId":"WPT Sync Bot"},"content":"doc/en/announce/release-5.3.1.rst"},{"lineNumber":220,"author":{"gitId":"WPT Sync Bot"},"content":"doc/en/announce/release-5.3.2.rst"},{"lineNumber":221,"author":{"gitId":"WPT Sync Bot"},"content":"doc/en/announce/release-5.3.3.rst"},{"lineNumber":222,"author":{"gitId":"WPT Sync Bot"},"content":"doc/en/announce/release-5.3.4.rst"},{"lineNumber":223,"author":{"gitId":"WPT Sync Bot"},"content":"doc/en/announce/release-5.3.5.rst"},{"lineNumber":224,"author":{"gitId":"WPT Sync Bot"},"content":"doc/en/announce/release-5.4.0.rst"},{"lineNumber":225,"author":{"gitId":"WPT Sync Bot"},"content":"doc/en/announce/release-5.4.1.rst"},{"lineNumber":226,"author":{"gitId":"WPT Sync Bot"},"content":"doc/en/announce/release-5.4.2.rst"},{"lineNumber":227,"author":{"gitId":"WPT Sync Bot"},"content":"doc/en/announce/release-5.4.3.rst"},{"lineNumber":228,"author":{"gitId":"WPT Sync Bot"},"content":"doc/en/announce/release-6.0.0.rst"},{"lineNumber":229,"author":{"gitId":"WPT Sync Bot"},"content":"doc/en/announce/release-6.0.0rc1.rst"},{"lineNumber":230,"author":{"gitId":"WPT Sync Bot"},"content":"doc/en/announce/release-6.0.1.rst"},{"lineNumber":231,"author":{"gitId":"WPT Sync Bot"},"content":"doc/en/announce/release-6.0.2.rst"},{"lineNumber":232,"author":{"gitId":"WPT Sync Bot"},"content":"doc/en/announce/release-6.1.0.rst"},{"lineNumber":233,"author":{"gitId":"WPT Sync Bot"},"content":"doc/en/announce/release-6.1.1.rst"},{"lineNumber":234,"author":{"gitId":"WPT Sync Bot"},"content":"doc/en/announce/sprint2016.rst"},{"lineNumber":235,"author":{"gitId":"WPT Sync Bot"},"content":"doc/en/example/attic.rst"},{"lineNumber":236,"author":{"gitId":"WPT Sync Bot"},"content":"doc/en/example/conftest.py"},{"lineNumber":237,"author":{"gitId":"WPT Sync Bot"},"content":"doc/en/example/index.rst"},{"lineNumber":238,"author":{"gitId":"WPT Sync Bot"},"content":"doc/en/example/markers.rst"},{"lineNumber":239,"author":{"gitId":"WPT Sync Bot"},"content":"doc/en/example/multipython.py"},{"lineNumber":240,"author":{"gitId":"WPT Sync Bot"},"content":"doc/en/example/nonpython.rst"},{"lineNumber":241,"author":{"gitId":"WPT Sync Bot"},"content":"doc/en/example/parametrize.rst"},{"lineNumber":242,"author":{"gitId":"WPT Sync Bot"},"content":"doc/en/example/pythoncollection.py"},{"lineNumber":243,"author":{"gitId":"WPT Sync Bot"},"content":"doc/en/example/pythoncollection.rst"},{"lineNumber":244,"author":{"gitId":"WPT Sync Bot"},"content":"doc/en/example/reportingdemo.rst"},{"lineNumber":245,"author":{"gitId":"WPT Sync Bot"},"content":"doc/en/example/simple.rst"},{"lineNumber":246,"author":{"gitId":"WPT Sync Bot"},"content":"doc/en/example/special.rst"},{"lineNumber":247,"author":{"gitId":"WPT Sync Bot"},"content":"doc/en/example/xfail_demo.py"},{"lineNumber":248,"author":{"gitId":"WPT Sync Bot"},"content":"doc/en/example/assertion/failure_demo.py"},{"lineNumber":249,"author":{"gitId":"WPT Sync Bot"},"content":"doc/en/example/assertion/test_failures.py"},{"lineNumber":250,"author":{"gitId":"WPT Sync Bot"},"content":"doc/en/example/assertion/test_setup_flow_example.py"},{"lineNumber":251,"author":{"gitId":"WPT Sync Bot"},"content":"doc/en/example/assertion/global_testmodule_config/conftest.py"},{"lineNumber":252,"author":{"gitId":"WPT Sync Bot"},"content":"doc/en/example/assertion/global_testmodule_config/test_hello_world.py"},{"lineNumber":253,"author":{"gitId":"WPT Sync Bot"},"content":"doc/en/example/fixtures/test_fixtures_order.py"},{"lineNumber":254,"author":{"gitId":"WPT Sync Bot"},"content":"doc/en/example/nonpython/__init__.py"},{"lineNumber":255,"author":{"gitId":"WPT Sync Bot"},"content":"doc/en/example/nonpython/conftest.py"},{"lineNumber":256,"author":{"gitId":"WPT Sync Bot"},"content":"doc/en/example/nonpython/test_simple.yaml"},{"lineNumber":257,"author":{"gitId":"WPT Sync Bot"},"content":"doc/en/img/cramer2.png"},{"lineNumber":258,"author":{"gitId":"WPT Sync Bot"},"content":"doc/en/img/favicon.png"},{"lineNumber":259,"author":{"gitId":"WPT Sync Bot"},"content":"doc/en/img/freiburg2.jpg"},{"lineNumber":260,"author":{"gitId":"WPT Sync Bot"},"content":"doc/en/img/gaynor3.png"},{"lineNumber":261,"author":{"gitId":"WPT Sync Bot"},"content":"doc/en/img/keleshev.png"},{"lineNumber":262,"author":{"gitId":"WPT Sync Bot"},"content":"doc/en/img/pullrequest.png"},{"lineNumber":263,"author":{"gitId":"WPT Sync Bot"},"content":"doc/en/img/pylib.png"},{"lineNumber":264,"author":{"gitId":"WPT Sync Bot"},"content":"doc/en/img/pytest1.png"},{"lineNumber":265,"author":{"gitId":"WPT Sync Bot"},"content":"doc/en/img/theuni.png"},{"lineNumber":266,"author":{"gitId":"WPT Sync Bot"},"content":"doc/en/proposals/parametrize_with_fixtures.rst"},{"lineNumber":267,"author":{"gitId":"WPT Sync Bot"},"content":"extra/get_issues.py"},{"lineNumber":268,"author":{"gitId":"WPT Sync Bot"},"content":"extra/setup-py.test/setup.py"},{"lineNumber":269,"author":{"gitId":"WPT Sync Bot"},"content":"scripts/append_codecov_token.py"},{"lineNumber":270,"author":{"gitId":"WPT Sync Bot"},"content":"scripts/publish-gh-release-notes.py"},{"lineNumber":271,"author":{"gitId":"WPT Sync Bot"},"content":"scripts/release-on-comment.py"},{"lineNumber":272,"author":{"gitId":"WPT Sync Bot"},"content":"scripts/release.minor.rst"},{"lineNumber":273,"author":{"gitId":"WPT Sync Bot"},"content":"scripts/release.patch.rst"},{"lineNumber":274,"author":{"gitId":"WPT Sync Bot"},"content":"scripts/release.py"},{"lineNumber":275,"author":{"gitId":"WPT Sync Bot"},"content":"scripts/report-coverage.sh"},{"lineNumber":276,"author":{"gitId":"WPT Sync Bot"},"content":"scripts/towncrier-draft-to-file.py"},{"lineNumber":277,"author":{"gitId":"WPT Sync Bot"},"content":"src/_pytest/__init__.py"},{"lineNumber":278,"author":{"gitId":"WPT Sync Bot"},"content":"src/_pytest/_argcomplete.py"},{"lineNumber":279,"author":{"gitId":"WPT Sync Bot"},"content":"src/_pytest/_version.py"},{"lineNumber":280,"author":{"gitId":"WPT Sync Bot"},"content":"src/_pytest/cacheprovider.py"},{"lineNumber":281,"author":{"gitId":"WPT Sync Bot"},"content":"src/_pytest/capture.py"},{"lineNumber":282,"author":{"gitId":"WPT Sync Bot"},"content":"src/_pytest/compat.py"},{"lineNumber":283,"author":{"gitId":"WPT Sync Bot"},"content":"src/_pytest/debugging.py"},{"lineNumber":284,"author":{"gitId":"WPT Sync Bot"},"content":"src/_pytest/deprecated.py"},{"lineNumber":285,"author":{"gitId":"WPT Sync Bot"},"content":"src/_pytest/doctest.py"},{"lineNumber":286,"author":{"gitId":"WPT Sync Bot"},"content":"src/_pytest/faulthandler.py"},{"lineNumber":287,"author":{"gitId":"WPT Sync Bot"},"content":"src/_pytest/fixtures.py"},{"lineNumber":288,"author":{"gitId":"WPT Sync Bot"},"content":"src/_pytest/freeze_support.py"},{"lineNumber":289,"author":{"gitId":"WPT Sync Bot"},"content":"src/_pytest/helpconfig.py"},{"lineNumber":290,"author":{"gitId":"WPT Sync Bot"},"content":"src/_pytest/hookspec.py"},{"lineNumber":291,"author":{"gitId":"WPT Sync Bot"},"content":"src/_pytest/junitxml.py"},{"lineNumber":292,"author":{"gitId":"WPT Sync Bot"},"content":"src/_pytest/logging.py"},{"lineNumber":293,"author":{"gitId":"WPT Sync Bot"},"content":"src/_pytest/main.py"},{"lineNumber":294,"author":{"gitId":"WPT Sync Bot"},"content":"src/_pytest/monkeypatch.py"},{"lineNumber":295,"author":{"gitId":"WPT Sync Bot"},"content":"src/_pytest/nodes.py"},{"lineNumber":296,"author":{"gitId":"WPT Sync Bot"},"content":"src/_pytest/nose.py"},{"lineNumber":297,"author":{"gitId":"WPT Sync Bot"},"content":"src/_pytest/outcomes.py"},{"lineNumber":298,"author":{"gitId":"WPT Sync Bot"},"content":"src/_pytest/pastebin.py"},{"lineNumber":299,"author":{"gitId":"WPT Sync Bot"},"content":"src/_pytest/pathlib.py"},{"lineNumber":300,"author":{"gitId":"WPT Sync Bot"},"content":"src/_pytest/py.typed"},{"lineNumber":301,"author":{"gitId":"WPT Sync Bot"},"content":"src/_pytest/pytester.py"},{"lineNumber":302,"author":{"gitId":"WPT Sync Bot"},"content":"src/_pytest/python.py"},{"lineNumber":303,"author":{"gitId":"WPT Sync Bot"},"content":"src/_pytest/python_api.py"},{"lineNumber":304,"author":{"gitId":"WPT Sync Bot"},"content":"src/_pytest/recwarn.py"},{"lineNumber":305,"author":{"gitId":"WPT Sync Bot"},"content":"src/_pytest/reports.py"},{"lineNumber":306,"author":{"gitId":"WPT Sync Bot"},"content":"src/_pytest/runner.py"},{"lineNumber":307,"author":{"gitId":"WPT Sync Bot"},"content":"src/_pytest/setuponly.py"},{"lineNumber":308,"author":{"gitId":"WPT Sync Bot"},"content":"src/_pytest/setupplan.py"},{"lineNumber":309,"author":{"gitId":"WPT Sync Bot"},"content":"src/_pytest/skipping.py"},{"lineNumber":310,"author":{"gitId":"WPT Sync Bot"},"content":"src/_pytest/stepwise.py"},{"lineNumber":311,"author":{"gitId":"WPT Sync Bot"},"content":"src/_pytest/store.py"},{"lineNumber":312,"author":{"gitId":"WPT Sync Bot"},"content":"src/_pytest/terminal.py"},{"lineNumber":313,"author":{"gitId":"WPT Sync Bot"},"content":"src/_pytest/timing.py"},{"lineNumber":314,"author":{"gitId":"WPT Sync Bot"},"content":"src/_pytest/tmpdir.py"},{"lineNumber":315,"author":{"gitId":"WPT Sync Bot"},"content":"src/_pytest/unittest.py"},{"lineNumber":316,"author":{"gitId":"WPT Sync Bot"},"content":"src/_pytest/warning_types.py"},{"lineNumber":317,"author":{"gitId":"WPT Sync Bot"},"content":"src/_pytest/warnings.py"},{"lineNumber":318,"author":{"gitId":"WPT Sync Bot"},"content":"src/_pytest/_code/__init__.py"},{"lineNumber":319,"author":{"gitId":"WPT Sync Bot"},"content":"src/_pytest/_code/code.py"},{"lineNumber":320,"author":{"gitId":"WPT Sync Bot"},"content":"src/_pytest/_code/source.py"},{"lineNumber":321,"author":{"gitId":"WPT Sync Bot"},"content":"src/_pytest/_io/__init__.py"},{"lineNumber":322,"author":{"gitId":"WPT Sync Bot"},"content":"src/_pytest/_io/saferepr.py"},{"lineNumber":323,"author":{"gitId":"WPT Sync Bot"},"content":"src/_pytest/_io/terminalwriter.py"},{"lineNumber":324,"author":{"gitId":"WPT Sync Bot"},"content":"src/_pytest/_io/wcwidth.py"},{"lineNumber":325,"author":{"gitId":"WPT Sync Bot"},"content":"src/_pytest/assertion/__init__.py"},{"lineNumber":326,"author":{"gitId":"WPT Sync Bot"},"content":"src/_pytest/assertion/rewrite.py"},{"lineNumber":327,"author":{"gitId":"WPT Sync Bot"},"content":"src/_pytest/assertion/truncate.py"},{"lineNumber":328,"author":{"gitId":"WPT Sync Bot"},"content":"src/_pytest/assertion/util.py"},{"lineNumber":329,"author":{"gitId":"WPT Sync Bot"},"content":"src/_pytest/config/__init__.py"},{"lineNumber":330,"author":{"gitId":"WPT Sync Bot"},"content":"src/_pytest/config/argparsing.py"},{"lineNumber":331,"author":{"gitId":"WPT Sync Bot"},"content":"src/_pytest/config/exceptions.py"},{"lineNumber":332,"author":{"gitId":"WPT Sync Bot"},"content":"src/_pytest/config/findpaths.py"},{"lineNumber":333,"author":{"gitId":"WPT Sync Bot"},"content":"src/_pytest/mark/__init__.py"},{"lineNumber":334,"author":{"gitId":"WPT Sync Bot"},"content":"src/_pytest/mark/expression.py"},{"lineNumber":335,"author":{"gitId":"WPT Sync Bot"},"content":"src/_pytest/mark/structures.py"},{"lineNumber":336,"author":{"gitId":"WPT Sync Bot"},"content":"src/pytest/__init__.py"},{"lineNumber":337,"author":{"gitId":"WPT Sync Bot"},"content":"src/pytest/__main__.py"},{"lineNumber":338,"author":{"gitId":"WPT Sync Bot"},"content":"src/pytest/collect.py"},{"lineNumber":339,"author":{"gitId":"WPT Sync Bot"},"content":"src/pytest/py.typed"},{"lineNumber":340,"author":{"gitId":"WPT Sync Bot"},"content":"src/pytest.egg-info/PKG-INFO"},{"lineNumber":341,"author":{"gitId":"WPT Sync Bot"},"content":"src/pytest.egg-info/SOURCES.txt"},{"lineNumber":342,"author":{"gitId":"WPT Sync Bot"},"content":"src/pytest.egg-info/dependency_links.txt"},{"lineNumber":343,"author":{"gitId":"WPT Sync Bot"},"content":"src/pytest.egg-info/entry_points.txt"},{"lineNumber":344,"author":{"gitId":"WPT Sync Bot"},"content":"src/pytest.egg-info/not-zip-safe"},{"lineNumber":345,"author":{"gitId":"WPT Sync Bot"},"content":"src/pytest.egg-info/requires.txt"},{"lineNumber":346,"author":{"gitId":"WPT Sync Bot"},"content":"src/pytest.egg-info/top_level.txt"},{"lineNumber":347,"author":{"gitId":"WPT Sync Bot"},"content":"testing/acceptance_test.py"},{"lineNumber":348,"author":{"gitId":"WPT Sync Bot"},"content":"testing/conftest.py"},{"lineNumber":349,"author":{"gitId":"WPT Sync Bot"},"content":"testing/deprecated_test.py"},{"lineNumber":350,"author":{"gitId":"WPT Sync Bot"},"content":"testing/test_argcomplete.py"},{"lineNumber":351,"author":{"gitId":"WPT Sync Bot"},"content":"testing/test_assertion.py"},{"lineNumber":352,"author":{"gitId":"WPT Sync Bot"},"content":"testing/test_assertrewrite.py"},{"lineNumber":353,"author":{"gitId":"WPT Sync Bot"},"content":"testing/test_cacheprovider.py"},{"lineNumber":354,"author":{"gitId":"WPT Sync Bot"},"content":"testing/test_capture.py"},{"lineNumber":355,"author":{"gitId":"WPT Sync Bot"},"content":"testing/test_collection.py"},{"lineNumber":356,"author":{"gitId":"WPT Sync Bot"},"content":"testing/test_compat.py"},{"lineNumber":357,"author":{"gitId":"WPT Sync Bot"},"content":"testing/test_config.py"},{"lineNumber":358,"author":{"gitId":"WPT Sync Bot"},"content":"testing/test_conftest.py"},{"lineNumber":359,"author":{"gitId":"WPT Sync Bot"},"content":"testing/test_debugging.py"},{"lineNumber":360,"author":{"gitId":"WPT Sync Bot"},"content":"testing/test_doctest.py"},{"lineNumber":361,"author":{"gitId":"WPT Sync Bot"},"content":"testing/test_entry_points.py"},{"lineNumber":362,"author":{"gitId":"WPT Sync Bot"},"content":"testing/test_error_diffs.py"},{"lineNumber":363,"author":{"gitId":"WPT Sync Bot"},"content":"testing/test_faulthandler.py"},{"lineNumber":364,"author":{"gitId":"WPT Sync Bot"},"content":"testing/test_findpaths.py"},{"lineNumber":365,"author":{"gitId":"WPT Sync Bot"},"content":"testing/test_helpconfig.py"},{"lineNumber":366,"author":{"gitId":"WPT Sync Bot"},"content":"testing/test_junitxml.py"},{"lineNumber":367,"author":{"gitId":"WPT Sync Bot"},"content":"testing/test_link_resolve.py"},{"lineNumber":368,"author":{"gitId":"WPT Sync Bot"},"content":"testing/test_main.py"},{"lineNumber":369,"author":{"gitId":"WPT Sync Bot"},"content":"testing/test_mark.py"},{"lineNumber":370,"author":{"gitId":"WPT Sync Bot"},"content":"testing/test_mark_expression.py"},{"lineNumber":371,"author":{"gitId":"WPT Sync Bot"},"content":"testing/test_meta.py"},{"lineNumber":372,"author":{"gitId":"WPT Sync Bot"},"content":"testing/test_monkeypatch.py"},{"lineNumber":373,"author":{"gitId":"WPT Sync Bot"},"content":"testing/test_nodes.py"},{"lineNumber":374,"author":{"gitId":"WPT Sync Bot"},"content":"testing/test_nose.py"},{"lineNumber":375,"author":{"gitId":"WPT Sync Bot"},"content":"testing/test_parseopt.py"},{"lineNumber":376,"author":{"gitId":"WPT Sync Bot"},"content":"testing/test_pastebin.py"},{"lineNumber":377,"author":{"gitId":"WPT Sync Bot"},"content":"testing/test_pathlib.py"},{"lineNumber":378,"author":{"gitId":"WPT Sync Bot"},"content":"testing/test_pluginmanager.py"},{"lineNumber":379,"author":{"gitId":"WPT Sync Bot"},"content":"testing/test_pytester.py"},{"lineNumber":380,"author":{"gitId":"WPT Sync Bot"},"content":"testing/test_recwarn.py"},{"lineNumber":381,"author":{"gitId":"WPT Sync Bot"},"content":"testing/test_reports.py"},{"lineNumber":382,"author":{"gitId":"WPT Sync Bot"},"content":"testing/test_runner.py"},{"lineNumber":383,"author":{"gitId":"WPT Sync Bot"},"content":"testing/test_runner_xunit.py"},{"lineNumber":384,"author":{"gitId":"WPT Sync Bot"},"content":"testing/test_session.py"},{"lineNumber":385,"author":{"gitId":"WPT Sync Bot"},"content":"testing/test_setuponly.py"},{"lineNumber":386,"author":{"gitId":"WPT Sync Bot"},"content":"testing/test_setupplan.py"},{"lineNumber":387,"author":{"gitId":"WPT Sync Bot"},"content":"testing/test_skipping.py"},{"lineNumber":388,"author":{"gitId":"WPT Sync Bot"},"content":"testing/test_stepwise.py"},{"lineNumber":389,"author":{"gitId":"WPT Sync Bot"},"content":"testing/test_store.py"},{"lineNumber":390,"author":{"gitId":"WPT Sync Bot"},"content":"testing/test_terminal.py"},{"lineNumber":391,"author":{"gitId":"WPT Sync Bot"},"content":"testing/test_tmpdir.py"},{"lineNumber":392,"author":{"gitId":"WPT Sync Bot"},"content":"testing/test_unittest.py"},{"lineNumber":393,"author":{"gitId":"WPT Sync Bot"},"content":"testing/test_warning_types.py"},{"lineNumber":394,"author":{"gitId":"WPT Sync Bot"},"content":"testing/test_warnings.py"},{"lineNumber":395,"author":{"gitId":"WPT Sync Bot"},"content":"testing/typing_checks.py"},{"lineNumber":396,"author":{"gitId":"WPT Sync Bot"},"content":"testing/code/test_code.py"},{"lineNumber":397,"author":{"gitId":"WPT Sync Bot"},"content":"testing/code/test_excinfo.py"},{"lineNumber":398,"author":{"gitId":"WPT Sync Bot"},"content":"testing/code/test_source.py"},{"lineNumber":399,"author":{"gitId":"WPT Sync Bot"},"content":"testing/example_scripts/README.rst"},{"lineNumber":400,"author":{"gitId":"WPT Sync Bot"},"content":"testing/example_scripts/issue_519.py"},{"lineNumber":401,"author":{"gitId":"WPT Sync Bot"},"content":"testing/example_scripts/junit-10.xsd"},{"lineNumber":402,"author":{"gitId":"WPT Sync Bot"},"content":"testing/example_scripts/pytest.ini"},{"lineNumber":403,"author":{"gitId":"WPT Sync Bot"},"content":"testing/example_scripts/acceptance/fixture_mock_integration.py"},{"lineNumber":404,"author":{"gitId":"WPT Sync Bot"},"content":"testing/example_scripts/collect/collect_init_tests/pytest.ini"},{"lineNumber":405,"author":{"gitId":"WPT Sync Bot"},"content":"testing/example_scripts/collect/collect_init_tests/tests/__init__.py"},{"lineNumber":406,"author":{"gitId":"WPT Sync Bot"},"content":"testing/example_scripts/collect/collect_init_tests/tests/test_foo.py"},{"lineNumber":407,"author":{"gitId":"WPT Sync Bot"},"content":"testing/example_scripts/collect/package_infinite_recursion/__init__.pyi"},{"lineNumber":408,"author":{"gitId":"WPT Sync Bot"},"content":"testing/example_scripts/collect/package_infinite_recursion/conftest.py"},{"lineNumber":409,"author":{"gitId":"WPT Sync Bot"},"content":"testing/example_scripts/collect/package_infinite_recursion/tests/__init__.py"},{"lineNumber":410,"author":{"gitId":"WPT Sync Bot"},"content":"testing/example_scripts/collect/package_infinite_recursion/tests/test_basic.py"},{"lineNumber":411,"author":{"gitId":"WPT Sync Bot"},"content":"testing/example_scripts/collect/package_init_given_as_arg/pkg/__init__.py"},{"lineNumber":412,"author":{"gitId":"WPT Sync Bot"},"content":"testing/example_scripts/collect/package_init_given_as_arg/pkg/test_foo.py"},{"lineNumber":413,"author":{"gitId":"WPT Sync Bot"},"content":"testing/example_scripts/config/collect_pytest_prefix/__init__.pyi"},{"lineNumber":414,"author":{"gitId":"WPT Sync Bot"},"content":"testing/example_scripts/config/collect_pytest_prefix/conftest.py"},{"lineNumber":415,"author":{"gitId":"WPT Sync Bot"},"content":"testing/example_scripts/config/collect_pytest_prefix/test_foo.py"},{"lineNumber":416,"author":{"gitId":"WPT Sync Bot"},"content":"testing/example_scripts/conftest_usageerror/__init__.pyi"},{"lineNumber":417,"author":{"gitId":"WPT Sync Bot"},"content":"testing/example_scripts/conftest_usageerror/conftest.py"},{"lineNumber":418,"author":{"gitId":"WPT Sync Bot"},"content":"testing/example_scripts/dataclasses/test_compare_dataclasses.py"},{"lineNumber":419,"author":{"gitId":"WPT Sync Bot"},"content":"testing/example_scripts/dataclasses/test_compare_dataclasses_field_comparison_off.py"},{"lineNumber":420,"author":{"gitId":"WPT Sync Bot"},"content":"testing/example_scripts/dataclasses/test_compare_dataclasses_verbose.py"},{"lineNumber":421,"author":{"gitId":"WPT Sync Bot"},"content":"testing/example_scripts/dataclasses/test_compare_recursive_dataclasses.py"},{"lineNumber":422,"author":{"gitId":"WPT Sync Bot"},"content":"testing/example_scripts/dataclasses/test_compare_two_different_dataclasses.py"},{"lineNumber":423,"author":{"gitId":"WPT Sync Bot"},"content":"testing/example_scripts/fixtures/test_fixture_named_request.py"},{"lineNumber":424,"author":{"gitId":"WPT Sync Bot"},"content":"testing/example_scripts/fixtures/test_getfixturevalue_dynamic.py"},{"lineNumber":425,"author":{"gitId":"WPT Sync Bot"},"content":"testing/example_scripts/fixtures/custom_item/__init__.pyi"},{"lineNumber":426,"author":{"gitId":"WPT Sync Bot"},"content":"testing/example_scripts/fixtures/custom_item/conftest.py"},{"lineNumber":427,"author":{"gitId":"WPT Sync Bot"},"content":"testing/example_scripts/fixtures/custom_item/foo/__init__.py"},{"lineNumber":428,"author":{"gitId":"WPT Sync Bot"},"content":"testing/example_scripts/fixtures/custom_item/foo/test_foo.py"},{"lineNumber":429,"author":{"gitId":"WPT Sync Bot"},"content":"testing/example_scripts/fixtures/fill_fixtures/test_detect_recursive_dependency_error.py"},{"lineNumber":430,"author":{"gitId":"WPT Sync Bot"},"content":"testing/example_scripts/fixtures/fill_fixtures/test_extend_fixture_module_class.py"},{"lineNumber":431,"author":{"gitId":"WPT Sync Bot"},"content":"testing/example_scripts/fixtures/fill_fixtures/test_funcarg_basic.py"},{"lineNumber":432,"author":{"gitId":"WPT Sync Bot"},"content":"testing/example_scripts/fixtures/fill_fixtures/test_funcarg_lookup_classlevel.py"},{"lineNumber":433,"author":{"gitId":"WPT Sync Bot"},"content":"testing/example_scripts/fixtures/fill_fixtures/test_funcarg_lookup_modulelevel.py"},{"lineNumber":434,"author":{"gitId":"WPT Sync Bot"},"content":"testing/example_scripts/fixtures/fill_fixtures/test_funcarg_lookupfails.py"},{"lineNumber":435,"author":{"gitId":"WPT Sync Bot"},"content":"testing/example_scripts/fixtures/fill_fixtures/test_conftest_funcargs_only_available_in_subdir/sub1/__init__.py"},{"lineNumber":436,"author":{"gitId":"WPT Sync Bot"},"content":"testing/example_scripts/fixtures/fill_fixtures/test_conftest_funcargs_only_available_in_subdir/sub1/conftest.py"},{"lineNumber":437,"author":{"gitId":"WPT Sync Bot"},"content":"testing/example_scripts/fixtures/fill_fixtures/test_conftest_funcargs_only_available_in_subdir/sub1/test_in_sub1.py"},{"lineNumber":438,"author":{"gitId":"WPT Sync Bot"},"content":"testing/example_scripts/fixtures/fill_fixtures/test_conftest_funcargs_only_available_in_subdir/sub2/__init__.py"},{"lineNumber":439,"author":{"gitId":"WPT Sync Bot"},"content":"testing/example_scripts/fixtures/fill_fixtures/test_conftest_funcargs_only_available_in_subdir/sub2/conftest.py"},{"lineNumber":440,"author":{"gitId":"WPT Sync Bot"},"content":"testing/example_scripts/fixtures/fill_fixtures/test_conftest_funcargs_only_available_in_subdir/sub2/test_in_sub2.py"},{"lineNumber":441,"author":{"gitId":"WPT Sync Bot"},"content":"testing/example_scripts/fixtures/fill_fixtures/test_extend_fixture_conftest_conftest/__init__.pyi"},{"lineNumber":442,"author":{"gitId":"WPT Sync Bot"},"content":"testing/example_scripts/fixtures/fill_fixtures/test_extend_fixture_conftest_conftest/conftest.py"},{"lineNumber":443,"author":{"gitId":"WPT Sync Bot"},"content":"testing/example_scripts/fixtures/fill_fixtures/test_extend_fixture_conftest_conftest/pkg/__init__.py"},{"lineNumber":444,"author":{"gitId":"WPT Sync Bot"},"content":"testing/example_scripts/fixtures/fill_fixtures/test_extend_fixture_conftest_conftest/pkg/conftest.py"},{"lineNumber":445,"author":{"gitId":"WPT Sync Bot"},"content":"testing/example_scripts/fixtures/fill_fixtures/test_extend_fixture_conftest_conftest/pkg/test_spam.py"},{"lineNumber":446,"author":{"gitId":"WPT Sync Bot"},"content":"testing/example_scripts/fixtures/fill_fixtures/test_extend_fixture_conftest_module/__init__.pyi"},{"lineNumber":447,"author":{"gitId":"WPT Sync Bot"},"content":"testing/example_scripts/fixtures/fill_fixtures/test_extend_fixture_conftest_module/conftest.py"},{"lineNumber":448,"author":{"gitId":"WPT Sync Bot"},"content":"testing/example_scripts/fixtures/fill_fixtures/test_extend_fixture_conftest_module/test_extend_fixture_conftest_module.py"},{"lineNumber":449,"author":{"gitId":"WPT Sync Bot"},"content":"testing/example_scripts/issue88_initial_file_multinodes/__init__.pyi"},{"lineNumber":450,"author":{"gitId":"WPT Sync Bot"},"content":"testing/example_scripts/issue88_initial_file_multinodes/conftest.py"},{"lineNumber":451,"author":{"gitId":"WPT Sync Bot"},"content":"testing/example_scripts/issue88_initial_file_multinodes/test_hello.py"},{"lineNumber":452,"author":{"gitId":"WPT Sync Bot"},"content":"testing/example_scripts/marks/marks_considered_keywords/__init__.pyi"},{"lineNumber":453,"author":{"gitId":"WPT Sync Bot"},"content":"testing/example_scripts/marks/marks_considered_keywords/conftest.py"},{"lineNumber":454,"author":{"gitId":"WPT Sync Bot"},"content":"testing/example_scripts/marks/marks_considered_keywords/test_marks_as_keywords.py"},{"lineNumber":455,"author":{"gitId":"WPT Sync Bot"},"content":"testing/example_scripts/perf_examples/collect_stats/.gitignore"},{"lineNumber":456,"author":{"gitId":"WPT Sync Bot"},"content":"testing/example_scripts/perf_examples/collect_stats/generate_folders.py"},{"lineNumber":457,"author":{"gitId":"WPT Sync Bot"},"content":"testing/example_scripts/perf_examples/collect_stats/template_test.py"},{"lineNumber":458,"author":{"gitId":"WPT Sync Bot"},"content":"testing/example_scripts/tmpdir/tmpdir_fixture.py"},{"lineNumber":459,"author":{"gitId":"WPT Sync Bot"},"content":"testing/example_scripts/unittest/test_parametrized_fixture_error_message.py"},{"lineNumber":460,"author":{"gitId":"WPT Sync Bot"},"content":"testing/example_scripts/unittest/test_setup_skip.py"},{"lineNumber":461,"author":{"gitId":"WPT Sync Bot"},"content":"testing/example_scripts/unittest/test_setup_skip_class.py"},{"lineNumber":462,"author":{"gitId":"WPT Sync Bot"},"content":"testing/example_scripts/unittest/test_setup_skip_module.py"},{"lineNumber":463,"author":{"gitId":"WPT Sync Bot"},"content":"testing/example_scripts/unittest/test_unittest_asyncio.py"},{"lineNumber":464,"author":{"gitId":"WPT Sync Bot"},"content":"testing/example_scripts/unittest/test_unittest_asynctest.py"},{"lineNumber":465,"author":{"gitId":"WPT Sync Bot"},"content":"testing/example_scripts/unittest/test_unittest_plain_async.py"},{"lineNumber":466,"author":{"gitId":"WPT Sync Bot"},"content":"testing/example_scripts/warnings/test_group_warnings_by_message.py"},{"lineNumber":467,"author":{"gitId":"WPT Sync Bot"},"content":"testing/example_scripts/warnings/test_group_warnings_by_message_summary/test_1.py"},{"lineNumber":468,"author":{"gitId":"WPT Sync Bot"},"content":"testing/example_scripts/warnings/test_group_warnings_by_message_summary/test_2.py"},{"lineNumber":469,"author":{"gitId":"WPT Sync Bot"},"content":"testing/examples/test_issue519.py"},{"lineNumber":470,"author":{"gitId":"WPT Sync Bot"},"content":"testing/freeze/.gitignore"},{"lineNumber":471,"author":{"gitId":"WPT Sync Bot"},"content":"testing/freeze/create_executable.py"},{"lineNumber":472,"author":{"gitId":"WPT Sync Bot"},"content":"testing/freeze/runtests_script.py"},{"lineNumber":473,"author":{"gitId":"WPT Sync Bot"},"content":"testing/freeze/tox_run.py"},{"lineNumber":474,"author":{"gitId":"WPT Sync Bot"},"content":"testing/freeze/tests/test_doctest.txt"},{"lineNumber":475,"author":{"gitId":"WPT Sync Bot"},"content":"testing/freeze/tests/test_trivial.py"},{"lineNumber":476,"author":{"gitId":"WPT Sync Bot"},"content":"testing/io/test_saferepr.py"},{"lineNumber":477,"author":{"gitId":"WPT Sync Bot"},"content":"testing/io/test_terminalwriter.py"},{"lineNumber":478,"author":{"gitId":"WPT Sync Bot"},"content":"testing/io/test_wcwidth.py"},{"lineNumber":479,"author":{"gitId":"WPT Sync Bot"},"content":"testing/logging/test_fixture.py"},{"lineNumber":480,"author":{"gitId":"WPT Sync Bot"},"content":"testing/logging/test_formatter.py"},{"lineNumber":481,"author":{"gitId":"WPT Sync Bot"},"content":"testing/logging/test_reporting.py"},{"lineNumber":482,"author":{"gitId":"WPT Sync Bot"},"content":"testing/plugins_integration/.gitignore"},{"lineNumber":483,"author":{"gitId":"WPT Sync Bot"},"content":"testing/plugins_integration/README.rst"},{"lineNumber":484,"author":{"gitId":"WPT Sync Bot"},"content":"testing/plugins_integration/bdd_wallet.feature"},{"lineNumber":485,"author":{"gitId":"WPT Sync Bot"},"content":"testing/plugins_integration/bdd_wallet.py"},{"lineNumber":486,"author":{"gitId":"WPT Sync Bot"},"content":"testing/plugins_integration/django_settings.py"},{"lineNumber":487,"author":{"gitId":"WPT Sync Bot"},"content":"testing/plugins_integration/pytest.ini"},{"lineNumber":488,"author":{"gitId":"WPT Sync Bot"},"content":"testing/plugins_integration/pytest_anyio_integration.py"},{"lineNumber":489,"author":{"gitId":"WPT Sync Bot"},"content":"testing/plugins_integration/pytest_asyncio_integration.py"},{"lineNumber":490,"author":{"gitId":"WPT Sync Bot"},"content":"testing/plugins_integration/pytest_mock_integration.py"},{"lineNumber":491,"author":{"gitId":"WPT Sync Bot"},"content":"testing/plugins_integration/pytest_trio_integration.py"},{"lineNumber":492,"author":{"gitId":"WPT Sync Bot"},"content":"testing/plugins_integration/pytest_twisted_integration.py"},{"lineNumber":493,"author":{"gitId":"WPT Sync Bot"},"content":"testing/plugins_integration/simple_integration.py"},{"lineNumber":494,"author":{"gitId":"WPT Sync Bot"},"content":"testing/python/approx.py"},{"lineNumber":495,"author":{"gitId":"WPT Sync Bot"},"content":"testing/python/collect.py"},{"lineNumber":496,"author":{"gitId":"WPT Sync Bot"},"content":"testing/python/fixtures.py"},{"lineNumber":497,"author":{"gitId":"WPT Sync Bot"},"content":"testing/python/integration.py"},{"lineNumber":498,"author":{"gitId":"WPT Sync Bot"},"content":"testing/python/metafunc.py"},{"lineNumber":499,"author":{"gitId":"WPT Sync Bot"},"content":"testing/python/raises.py"},{"lineNumber":500,"author":{"gitId":"WPT Sync Bot"},"content":"testing/python/show_fixtures_per_test.py"}],"authorContributionMap":{"WPT Sync Bot":500}},{"path":"tests/wpt/web-platform-tests/tools/third_party/pytest/src/pytest.egg-info/dependency_links.txt","fileType":"txt","lines":[{"lineNumber":1,"author":{"gitId":"WPT Sync Bot"},"content":""}],"authorContributionMap":{"WPT Sync Bot":1}},{"path":"tests/wpt/web-platform-tests/tools/third_party/pytest/src/pytest.egg-info/entry_points.txt","fileType":"txt","lines":[{"lineNumber":1,"author":{"gitId":"WPT Sync Bot"},"content":"[console_scripts]"},{"lineNumber":2,"author":{"gitId":"WPT Sync Bot"},"content":"py.test \u003d pytest:console_main"},{"lineNumber":3,"author":{"gitId":"WPT Sync Bot"},"content":"pytest \u003d pytest:console_main"},{"lineNumber":4,"author":{"gitId":"WPT Sync Bot"},"content":""}],"authorContributionMap":{"WPT Sync Bot":4}},{"path":"tests/wpt/web-platform-tests/tools/third_party/pytest/src/pytest.egg-info/requires.txt","fileType":"txt","lines":[{"lineNumber":1,"author":{"gitId":"WPT Sync Bot"},"content":"attrs\u003e\u003d17.4.0"},{"lineNumber":2,"author":{"gitId":"WPT Sync Bot"},"content":"iniconfig"},{"lineNumber":3,"author":{"gitId":"WPT Sync Bot"},"content":"packaging"},{"lineNumber":4,"author":{"gitId":"WPT Sync Bot"},"content":"pluggy\u003c1.0,\u003e\u003d0.12"},{"lineNumber":5,"author":{"gitId":"WPT Sync Bot"},"content":"py\u003e\u003d1.8.2"},{"lineNumber":6,"author":{"gitId":"WPT Sync Bot"},"content":"toml"},{"lineNumber":7,"author":{"gitId":"WPT Sync Bot"},"content":""},{"lineNumber":8,"author":{"gitId":"WPT Sync Bot"},"content":"[:python_version \u003c \"3.6\"]"},{"lineNumber":9,"author":{"gitId":"WPT Sync Bot"},"content":"pathlib2\u003e\u003d2.2.0"},{"lineNumber":10,"author":{"gitId":"WPT Sync Bot"},"content":""},{"lineNumber":11,"author":{"gitId":"WPT Sync Bot"},"content":"[:python_version \u003c \"3.8\"]"},{"lineNumber":12,"author":{"gitId":"WPT Sync Bot"},"content":"importlib-metadata\u003e\u003d0.12"},{"lineNumber":13,"author":{"gitId":"WPT Sync Bot"},"content":""},{"lineNumber":14,"author":{"gitId":"WPT Sync Bot"},"content":"[:sys_platform \u003d\u003d \"win32\"]"},{"lineNumber":15,"author":{"gitId":"WPT Sync Bot"},"content":"atomicwrites\u003e\u003d1.0"},{"lineNumber":16,"author":{"gitId":"WPT Sync Bot"},"content":"colorama"},{"lineNumber":17,"author":{"gitId":"WPT Sync Bot"},"content":""},{"lineNumber":18,"author":{"gitId":"WPT Sync Bot"},"content":"[checkqa_mypy]"},{"lineNumber":19,"author":{"gitId":"WPT Sync Bot"},"content":"mypy\u003d\u003d0.780"},{"lineNumber":20,"author":{"gitId":"WPT Sync Bot"},"content":""},{"lineNumber":21,"author":{"gitId":"WPT Sync Bot"},"content":"[testing]"},{"lineNumber":22,"author":{"gitId":"WPT Sync Bot"},"content":"argcomplete"},{"lineNumber":23,"author":{"gitId":"WPT Sync Bot"},"content":"hypothesis\u003e\u003d3.56"},{"lineNumber":24,"author":{"gitId":"WPT Sync Bot"},"content":"mock"},{"lineNumber":25,"author":{"gitId":"WPT Sync Bot"},"content":"nose"},{"lineNumber":26,"author":{"gitId":"WPT Sync Bot"},"content":"requests"},{"lineNumber":27,"author":{"gitId":"WPT Sync Bot"},"content":"xmlschema"}],"authorContributionMap":{"WPT Sync Bot":27}},{"path":"tests/wpt/web-platform-tests/tools/third_party/pytest/src/pytest.egg-info/top_level.txt","fileType":"txt","lines":[{"lineNumber":1,"author":{"gitId":"WPT Sync Bot"},"content":"_pytest"},{"lineNumber":2,"author":{"gitId":"WPT Sync Bot"},"content":"pytest"}],"authorContributionMap":{"WPT Sync Bot":2}},{"path":"tests/wpt/web-platform-tests/tools/third_party/websockets/docs/requirements.txt","fileType":"txt","lines":[{"lineNumber":1,"author":{"gitId":"WPT Sync Bot"},"content":"sphinx"},{"lineNumber":2,"author":{"gitId":"WPT Sync Bot"},"content":"sphinx-autodoc-typehints"},{"lineNumber":3,"author":{"gitId":"WPT Sync Bot"},"content":"sphinxcontrib-spelling"},{"lineNumber":4,"author":{"gitId":"WPT Sync Bot"},"content":"sphinxcontrib-trio"}],"authorContributionMap":{"WPT Sync Bot":4}},{"path":"tests/wpt/web-platform-tests/tools/third_party/websockets/docs/spelling_wordlist.txt","fileType":"txt","lines":[{"lineNumber":1,"author":{"gitId":"WPT Sync Bot"},"content":"attr"},{"lineNumber":2,"author":{"gitId":"WPT Sync Bot"},"content":"augustin"},{"lineNumber":3,"author":{"gitId":"WPT Sync Bot"},"content":"Auth"},{"lineNumber":4,"author":{"gitId":"WPT Sync Bot"},"content":"awaitable"},{"lineNumber":5,"author":{"gitId":"WPT Sync Bot"},"content":"aymeric"},{"lineNumber":6,"author":{"gitId":"WPT Sync Bot"},"content":"backpressure"},{"lineNumber":7,"author":{"gitId":"WPT Sync Bot"},"content":"Backpressure"},{"lineNumber":8,"author":{"gitId":"WPT Sync Bot"},"content":"Bitcoin"},{"lineNumber":9,"author":{"gitId":"WPT Sync Bot"},"content":"bufferbloat"},{"lineNumber":10,"author":{"gitId":"WPT Sync Bot"},"content":"Bufferbloat"},{"lineNumber":11,"author":{"gitId":"WPT Sync Bot"},"content":"bugfix"},{"lineNumber":12,"author":{"gitId":"WPT Sync Bot"},"content":"bytestring"},{"lineNumber":13,"author":{"gitId":"WPT Sync Bot"},"content":"bytestrings"},{"lineNumber":14,"author":{"gitId":"WPT Sync Bot"},"content":"changelog"},{"lineNumber":15,"author":{"gitId":"WPT Sync Bot"},"content":"cryptocurrency"},{"lineNumber":16,"author":{"gitId":"WPT Sync Bot"},"content":"daemonize"},{"lineNumber":17,"author":{"gitId":"WPT Sync Bot"},"content":"fractalideas"},{"lineNumber":18,"author":{"gitId":"WPT Sync Bot"},"content":"iterable"},{"lineNumber":19,"author":{"gitId":"WPT Sync Bot"},"content":"keepalive"},{"lineNumber":20,"author":{"gitId":"WPT Sync Bot"},"content":"KiB"},{"lineNumber":21,"author":{"gitId":"WPT Sync Bot"},"content":"lifecycle"},{"lineNumber":22,"author":{"gitId":"WPT Sync Bot"},"content":"Lifecycle"},{"lineNumber":23,"author":{"gitId":"WPT Sync Bot"},"content":"MiB"},{"lineNumber":24,"author":{"gitId":"WPT Sync Bot"},"content":"nginx"},{"lineNumber":25,"author":{"gitId":"WPT Sync Bot"},"content":"permessage"},{"lineNumber":26,"author":{"gitId":"WPT Sync Bot"},"content":"pong"},{"lineNumber":27,"author":{"gitId":"WPT Sync Bot"},"content":"pongs"},{"lineNumber":28,"author":{"gitId":"WPT Sync Bot"},"content":"Pythonic"},{"lineNumber":29,"author":{"gitId":"WPT Sync Bot"},"content":"serializers"},{"lineNumber":30,"author":{"gitId":"WPT Sync Bot"},"content":"subclassing"},{"lineNumber":31,"author":{"gitId":"WPT Sync Bot"},"content":"subprotocol"},{"lineNumber":32,"author":{"gitId":"WPT Sync Bot"},"content":"subprotocols"},{"lineNumber":33,"author":{"gitId":"WPT Sync Bot"},"content":"TLS"},{"lineNumber":34,"author":{"gitId":"WPT Sync Bot"},"content":"Unparse"},{"lineNumber":35,"author":{"gitId":"WPT Sync Bot"},"content":"uple"},{"lineNumber":36,"author":{"gitId":"WPT Sync Bot"},"content":"username"},{"lineNumber":37,"author":{"gitId":"WPT Sync Bot"},"content":"websocket"},{"lineNumber":38,"author":{"gitId":"WPT Sync Bot"},"content":"WebSocket"},{"lineNumber":39,"author":{"gitId":"WPT Sync Bot"},"content":"websockets"}],"authorContributionMap":{"WPT Sync Bot":39}},{"path":"tests/wpt/web-platform-tests/tools/third_party/zipp/zipp.egg-info/SOURCES.txt","fileType":"txt","lines":[{"lineNumber":1,"author":{"gitId":"WPT Sync Bot"},"content":".flake8"},{"lineNumber":2,"author":{"gitId":"WPT Sync Bot"},"content":".pre-commit-config.yaml"},{"lineNumber":3,"author":{"gitId":"WPT Sync Bot"},"content":".readthedocs.yml"},{"lineNumber":4,"author":{"gitId":"WPT Sync Bot"},"content":".travis.yml"},{"lineNumber":5,"author":{"gitId":"WPT Sync Bot"},"content":"CHANGES.rst"},{"lineNumber":6,"author":{"gitId":"WPT Sync Bot"},"content":"LICENSE"},{"lineNumber":7,"author":{"gitId":"WPT Sync Bot"},"content":"README.rst"},{"lineNumber":8,"author":{"gitId":"WPT Sync Bot"},"content":"appveyor.yml"},{"lineNumber":9,"author":{"gitId":"WPT Sync Bot"},"content":"conftest.py"},{"lineNumber":10,"author":{"gitId":"WPT Sync Bot"},"content":"pyproject.toml"},{"lineNumber":11,"author":{"gitId":"WPT Sync Bot"},"content":"setup.cfg"},{"lineNumber":12,"author":{"gitId":"WPT Sync Bot"},"content":"setup.py"},{"lineNumber":13,"author":{"gitId":"WPT Sync Bot"},"content":"skeleton.md"},{"lineNumber":14,"author":{"gitId":"WPT Sync Bot"},"content":"test_zipp.py"},{"lineNumber":15,"author":{"gitId":"WPT Sync Bot"},"content":"tox.ini"},{"lineNumber":16,"author":{"gitId":"WPT Sync Bot"},"content":"zipp.py"},{"lineNumber":17,"author":{"gitId":"WPT Sync Bot"},"content":"docs/conf.py"},{"lineNumber":18,"author":{"gitId":"WPT Sync Bot"},"content":"docs/history.rst"},{"lineNumber":19,"author":{"gitId":"WPT Sync Bot"},"content":"docs/index.rst"},{"lineNumber":20,"author":{"gitId":"WPT Sync Bot"},"content":"zipp.egg-info/PKG-INFO"},{"lineNumber":21,"author":{"gitId":"WPT Sync Bot"},"content":"zipp.egg-info/SOURCES.txt"},{"lineNumber":22,"author":{"gitId":"WPT Sync Bot"},"content":"zipp.egg-info/dependency_links.txt"},{"lineNumber":23,"author":{"gitId":"WPT Sync Bot"},"content":"zipp.egg-info/requires.txt"},{"lineNumber":24,"author":{"gitId":"WPT Sync Bot"},"content":"zipp.egg-info/top_level.txt"}],"authorContributionMap":{"WPT Sync Bot":24}},{"path":"tests/wpt/web-platform-tests/tools/third_party/zipp/zipp.egg-info/dependency_links.txt","fileType":"txt","lines":[{"lineNumber":1,"author":{"gitId":"WPT Sync Bot"},"content":""}],"authorContributionMap":{"WPT Sync Bot":1}},{"path":"tests/wpt/web-platform-tests/tools/third_party/zipp/zipp.egg-info/requires.txt","fileType":"txt","lines":[{"lineNumber":1,"author":{"gitId":"WPT Sync Bot"},"content":""},{"lineNumber":2,"author":{"gitId":"WPT Sync Bot"},"content":"[:python_version \u003c \"3.4\"]"},{"lineNumber":3,"author":{"gitId":"WPT Sync Bot"},"content":"contextlib2"},{"lineNumber":4,"author":{"gitId":"WPT Sync Bot"},"content":""},{"lineNumber":5,"author":{"gitId":"WPT Sync Bot"},"content":"[docs]"},{"lineNumber":6,"author":{"gitId":"WPT Sync Bot"},"content":"sphinx"},{"lineNumber":7,"author":{"gitId":"WPT Sync Bot"},"content":"jaraco.packaging\u003e\u003d3.2"},{"lineNumber":8,"author":{"gitId":"WPT Sync Bot"},"content":"rst.linker\u003e\u003d1.9"},{"lineNumber":9,"author":{"gitId":"WPT Sync Bot"},"content":""},{"lineNumber":10,"author":{"gitId":"WPT Sync Bot"},"content":"[testing]"},{"lineNumber":11,"author":{"gitId":"WPT Sync Bot"},"content":"pathlib2"},{"lineNumber":12,"author":{"gitId":"WPT Sync Bot"},"content":"unittest2"},{"lineNumber":13,"author":{"gitId":"WPT Sync Bot"},"content":"jaraco.itertools"},{"lineNumber":14,"author":{"gitId":"WPT Sync Bot"},"content":"func-timeout"}],"authorContributionMap":{"WPT Sync Bot":14}},{"path":"tests/wpt/web-platform-tests/tools/third_party/zipp/zipp.egg-info/top_level.txt","fileType":"txt","lines":[{"lineNumber":1,"author":{"gitId":"WPT Sync Bot"},"content":"zipp"}],"authorContributionMap":{"WPT Sync Bot":1}},{"path":"tests/wpt/web-platform-tests/tools/wpt/requirements.txt","fileType":"txt","lines":[{"lineNumber":1,"author":{"gitId":"WPT Sync Bot"},"content":"requests\u003d\u003d2.25.1"},{"lineNumber":2,"author":{"gitId":"-"},"content":"mozinfo\u003d\u003d1.2.1  # https://bugzilla.mozilla.org/show_bug.cgi?id\u003d1621226"}],"authorContributionMap":{"-":1,"WPT Sync Bot":1}},{"path":"tests/wpt/web-platform-tests/tools/wptrunner/requirements.txt","fileType":"txt","lines":[{"lineNumber":1,"author":{"gitId":"-"},"content":"html5lib\u003d\u003d1.1"},{"lineNumber":2,"author":{"gitId":"-"},"content":"mozinfo\u003d\u003d1.2.1  # https://bugzilla.mozilla.org/show_bug.cgi?id\u003d1621226"},{"lineNumber":3,"author":{"gitId":"WPT Sync Bot"},"content":"mozlog\u003d\u003d7.1.0"},{"lineNumber":4,"author":{"gitId":"-"},"content":"mozdebug\u003d\u003d0.2"},{"lineNumber":5,"author":{"gitId":"-"},"content":"# Pillow 7 requires Python 3"},{"lineNumber":6,"author":{"gitId":"bors-servo"},"content":"pillow\u003d\u003d6.2.2; python_version \u003c\u003d \u00272.7\u0027  # pyup: \u003c7.0"},{"lineNumber":7,"author":{"gitId":"WPT Sync Bot"},"content":"pillow\u003d\u003d8.1.2; python_version \u003e\u003d \u00273.0\u0027"},{"lineNumber":8,"author":{"gitId":"bors-servo"},"content":"urllib3[secure]\u003d\u003d1.26.2"},{"lineNumber":9,"author":{"gitId":"WPT Sync Bot"},"content":"requests\u003d\u003d2.25.1"},{"lineNumber":10,"author":{"gitId":"-"},"content":"six\u003d\u003d1.15.0"}],"authorContributionMap":{"bors-servo":2,"-":5,"WPT Sync Bot":3}},{"path":"tests/wpt/web-platform-tests/tools/wptrunner/requirements_android_webview.txt","fileType":"txt","lines":[{"lineNumber":1,"author":{"gitId":"bors-servo"},"content":"mozprocess\u003d\u003d1.2.1"}],"authorContributionMap":{"bors-servo":1}},{"path":"tests/wpt/web-platform-tests/tools/wptrunner/requirements_chrome.txt","fileType":"txt","lines":[{"lineNumber":1,"author":{"gitId":"bors-servo"},"content":"mozprocess\u003d\u003d1.2.1"}],"authorContributionMap":{"bors-servo":1}},{"path":"tests/wpt/web-platform-tests/tools/wptrunner/requirements_chrome_android.txt","fileType":"txt","lines":[{"lineNumber":1,"author":{"gitId":"bors-servo"},"content":"mozprocess\u003d\u003d1.2.1"}],"authorContributionMap":{"bors-servo":1}},{"path":"tests/wpt/web-platform-tests/tools/wptrunner/requirements_chrome_ios.txt","fileType":"txt","lines":[{"lineNumber":1,"author":{"gitId":"bors-servo"},"content":"mozprocess\u003d\u003d1.2.1"}],"authorContributionMap":{"bors-servo":1}},{"path":"tests/wpt/web-platform-tests/tools/wptrunner/requirements_edge.txt","fileType":"txt","lines":[{"lineNumber":1,"author":{"gitId":"bors-servo"},"content":"mozprocess\u003d\u003d1.2.1"},{"lineNumber":2,"author":{"gitId":"-"},"content":"selenium\u003d\u003d3.141.0"}],"authorContributionMap":{"bors-servo":1,"-":1}},{"path":"tests/wpt/web-platform-tests/tools/wptrunner/requirements_edge_chromium.txt","fileType":"txt","lines":[{"lineNumber":1,"author":{"gitId":"bors-servo"},"content":"mozprocess\u003d\u003d1.2.1"}],"authorContributionMap":{"bors-servo":1}},{"path":"tests/wpt/web-platform-tests/tools/wptrunner/requirements_epiphany.txt","fileType":"txt","lines":[{"lineNumber":1,"author":{"gitId":"bors-servo"},"content":"mozprocess\u003d\u003d1.2.1"}],"authorContributionMap":{"bors-servo":1}},{"path":"tests/wpt/web-platform-tests/tools/wptrunner/requirements_firefox.txt","fileType":"txt","lines":[{"lineNumber":1,"author":{"gitId":"-"},"content":"marionette_driver\u003d\u003d3.1.0"},{"lineNumber":2,"author":{"gitId":"-"},"content":"mozcrash\u003d\u003d2.0.0"},{"lineNumber":3,"author":{"gitId":"WPT Sync Bot"},"content":"mozinstall\u003d\u003d2.0.1"},{"lineNumber":4,"author":{"gitId":"-"},"content":"mozleak\u003d\u003d0.2"},{"lineNumber":5,"author":{"gitId":"-"},"content":"moznetwork\u003d\u003d1.1.0"},{"lineNumber":6,"author":{"gitId":"bors-servo"},"content":"mozprocess\u003d\u003d1.2.1"},{"lineNumber":7,"author":{"gitId":"-"},"content":"mozprofile\u003d\u003d2.5.0"},{"lineNumber":8,"author":{"gitId":"WPT Sync Bot"},"content":"mozrunner\u003d\u003d8.1.0"},{"lineNumber":9,"author":{"gitId":"-"},"content":"mozversion\u003d\u003d2.3.0"},{"lineNumber":10,"author":{"gitId":"WPT Sync Bot"},"content":"psutil\u003d\u003d5.8.0"}],"authorContributionMap":{"bors-servo":1,"-":6,"WPT Sync Bot":3}},{"path":"tests/wpt/web-platform-tests/tools/wptrunner/requirements_ie.txt","fileType":"txt","lines":[{"lineNumber":1,"author":{"gitId":"bors-servo"},"content":"mozprocess\u003d\u003d1.2.1"},{"lineNumber":2,"author":{"gitId":"-"},"content":"selenium\u003d\u003d3.141.0"}],"authorContributionMap":{"bors-servo":1,"-":1}},{"path":"tests/wpt/web-platform-tests/tools/wptrunner/requirements_opera.txt","fileType":"txt","lines":[{"lineNumber":1,"author":{"gitId":"bors-servo"},"content":"mozprocess\u003d\u003d1.2.1"},{"lineNumber":2,"author":{"gitId":"-"},"content":"selenium\u003d\u003d3.141.0"}],"authorContributionMap":{"bors-servo":1,"-":1}},{"path":"tests/wpt/web-platform-tests/tools/wptrunner/requirements_safari.txt","fileType":"txt","lines":[{"lineNumber":1,"author":{"gitId":"bors-servo"},"content":"mozprocess\u003d\u003d1.2.1"},{"lineNumber":2,"author":{"gitId":"WPT Sync Bot"},"content":"psutil\u003d\u003d5.8.0"}],"authorContributionMap":{"bors-servo":1,"WPT Sync Bot":1}},{"path":"tests/wpt/web-platform-tests/tools/wptrunner/requirements_sauce.txt","fileType":"txt","lines":[{"lineNumber":1,"author":{"gitId":"bors-servo"},"content":"mozprocess\u003d\u003d1.2.1"},{"lineNumber":2,"author":{"gitId":"-"},"content":"selenium\u003d\u003d3.141.0"},{"lineNumber":3,"author":{"gitId":"WPT Sync Bot"},"content":"requests\u003d\u003d2.25.1"}],"authorContributionMap":{"bors-servo":1,"-":1,"WPT Sync Bot":1}},{"path":"tests/wpt/web-platform-tests/tools/wptrunner/requirements_servo.txt","fileType":"txt","lines":[{"lineNumber":1,"author":{"gitId":"bors-servo"},"content":"mozprocess\u003d\u003d1.2.1"}],"authorContributionMap":{"bors-servo":1}},{"path":"tests/wpt/web-platform-tests/tools/wptrunner/requirements_webkit.txt","fileType":"txt","lines":[{"lineNumber":1,"author":{"gitId":"bors-servo"},"content":"mozprocess\u003d\u003d1.2.1"}],"authorContributionMap":{"bors-servo":1}},{"path":"components/net/tests/parsable_mime/text/plain/utf16bebom.txt","fileType":"txt","isBinary":true,"lines":[],"authorContributionMap":{"bors-servo":0}},{"path":"components/net/tests/parsable_mime/text/plain/utf16lebom.txt","fileType":"txt","isBinary":true,"lines":[],"authorContributionMap":{"bors-servo":0}},{"path":"tests/wpt/web-platform-tests/xhr/resources/utf16.txt","fileType":"txt","isBinary":true,"lines":[],"authorContributionMap":{"bors-servo":0}}]
