{"authorDailyContributionsMap":{"atouchet":[],"Mihai Alexandru Michis":[],"sagu":[],"Lunush":[],"sagudev":[],"bors-servo":[{"date":"2020-11-21","commitResults":[{"hash":"6b40627efab049ae7a0c9456a4fe76bfb720e7ea","messageTitle":"Auto merge of #27616 - servo:dependabot/cargo/glslopt-0.1.7, r\u003djdm","messageBody":"Bump glslopt from 0.1.5 to 0.1.7\n\nBumps [glslopt](https://github.com/jamienicol/glslopt-rs) from 0.1.5 to 0.1.7.\n\u003cdetails\u003e\n\u003csummary\u003eCommits\u003c/summary\u003e\n\u003cul\u003e\n\u003cli\u003eSee full diff in \u003ca href\u003d\"https://github.com/jamienicol/glslopt-rs/commits\"\u003ecompare view\u003c/a\u003e\u003c/li\u003e\n\u003c/ul\u003e\n\u003c/details\u003e\n\u003cbr /\u003e\n\n[![Dependabot compatibility score](https://api.dependabot.com/badges/compatibility_score?dependency-name\u003dglslopt\u0026package-manager\u003dcargo\u0026previous-version\u003d0.1.5\u0026new-version\u003d0.1.7)](https://dependabot.com/compatibility-score/?dependency-name\u003dglslopt\u0026package-manager\u003dcargo\u0026previous-version\u003d0.1.5\u0026new-version\u003d0.1.7)\n\nDependabot will resolve any conflicts with this PR as long as you don\u0027t alter it yourself. You can also trigger a rebase manually by commenting `@dependabot rebase`.\n\n[//]: # (dependabot-automerge-start)\n[//]: # (dependabot-automerge-end)\n\n---\n\n\u003cdetails\u003e\n\u003csummary\u003eDependabot commands and options\u003c/summary\u003e\n\u003cbr /\u003e\n\nYou can trigger Dependabot actions by commenting on this PR:\n- `@dependabot rebase` will rebase this PR\n- `@dependabot recreate` will recreate this PR, overwriting any edits that have been made to it\n- `@dependabot merge` will merge this PR after your CI passes on it\n- `@dependabot squash and merge` will squash and merge this PR after your CI passes on it\n- `@dependabot cancel merge` will cancel a previously requested merge and block automerging\n- `@dependabot reopen` will reopen this PR if it is closed\n- `@dependabot close` will close this PR and stop Dependabot recreating it. You can achieve the same result by closing it manually\n- `@dependabot ignore this major version` will close this PR and stop Dependabot creating any more for this major version (unless you reopen the PR or upgrade to it yourself)\n- `@dependabot ignore this minor version` will close this PR and stop Dependabot creating any more for this minor version (unless you reopen the PR or upgrade to it yourself)\n- `@dependabot ignore this dependency` will close this PR and stop Dependabot creating any more for this dependency (unless you reopen the PR or upgrade to it yourself)\n- `@dependabot use these labels` will set the current labels as the default for future PRs for this repo and language\n- `@dependabot use these reviewers` will set the current reviewers as the default for future PRs for this repo and language\n- `@dependabot use these assignees` will set the current assignees as the default for future PRs for this repo and language\n- `@dependabot use this milestone` will set the current milestone as the default for future PRs for this repo and language\n- `@dependabot badge me` will comment on this PR with code to add a \"Dependabot enabled\" badge to your readme\n\nAdditionally, you can set the following in your Dependabot [dashboard](https://app.dependabot.com):\n- Update frequency (including time of day and day of week)\n- Pull request limits (per update run and/or open at any time)\n- Out-of-range updates (receive only lockfile updates, if desired)\n- Security updates (receive only security updates, if desired)\n\n\u003c/details\u003e\n","fileTypesAndContributionMap":{"txt":{"insertions":45998,"deletions":0}}}]}],"Masatoshi Kimura":[],"Tim Nguyen":[],"Fernando Jiménez Moreno":[],"Alan Jeffrey":[],"Frederic Wang":[],"Brian Birtles":[],"Jonathan Kingston":[],"Vincent Ricard":[{"date":"2021-02-18","commitResults":[{"hash":"a627dde0d01e35a1cbdb62ca19ee0349757c34b0","messageTitle":"Port some code to Python3","messageBody":"","fileTypesAndContributionMap":{"txt":{"insertions":4,"deletions":4}}}]}],"WPT Sync Bot":[{"date":"2020-11-24","commitResults":[{"hash":"465b88905c70903604ce470c13a27c1c70b95dab","messageTitle":"Update web-platform-tests to revision 06e520971307b41e2f2a0317a35d125bd9483263","messageBody":"","fileTypesAndContributionMap":{"txt":{"insertions":3,"deletions":3}}}]},{"date":"2020-11-27","commitResults":[{"hash":"808edd90a473ae06fb32122f6b6a4f0f4c4b0056","messageTitle":"Update web-platform-tests to revision fcb3495f6321b32f607cabcbe0e63a918f48d348","messageBody":"","fileTypesAndContributionMap":{"txt":{"insertions":6,"deletions":6}}}]},{"date":"2020-12-11","commitResults":[{"hash":"c67c5d4fb8380e7ce2b52cb7b0b11871d34190b2","messageTitle":"Update web-platform-tests to revision 6ea3164d34a632b16b857d7474985b93acd8de11","messageBody":"","fileTypesAndContributionMap":{"txt":{"insertions":5,"deletions":5}}}]},{"date":"2020-12-16","commitResults":[{"hash":"fe2a1a9e9dce3f5f0e699f6162c7cbef22b9a51e","messageTitle":"Update web-platform-tests to revision 48e3fd2f4d41fa00640d27738bdda07db95594cc","messageBody":"","fileTypesAndContributionMap":{"txt":{"insertions":11,"deletions":11}}}]},{"date":"2020-12-18","commitResults":[{"hash":"1599557991faf8491c80d0e373326841605a691f","messageTitle":"Update web-platform-tests to revision 43dc4d2ac8f531153bdabfe45e6975a97e286862","messageBody":"","fileTypesAndContributionMap":{"txt":{"insertions":3,"deletions":3}}}]},{"date":"2020-12-19","commitResults":[{"hash":"f8d7dc71d46958126c1c798f230d8160223c2968","messageTitle":"Update web-platform-tests to revision 96bc64e830a61d73988c35ebd8b80719efefebf9","messageBody":"","fileTypesAndContributionMap":{"txt":{"insertions":2,"deletions":2}}}]},{"date":"2020-12-20","commitResults":[{"hash":"467cd5d41b6f73104ca62234e1f27b6dbf80e7d7","messageTitle":"Update web-platform-tests to revision 132850c9a27382ba1bf1ad4c4ee4ed9d4f69666b","messageBody":"","fileTypesAndContributionMap":{"txt":{"insertions":1,"deletions":1}}}]},{"date":"2020-12-24","commitResults":[{"hash":"b960606d13b78fd139588573e8d408ea0b831fe6","messageTitle":"Update web-platform-tests to revision 2ccf303ec934a8adfc613c2a73395a31956ec817","messageBody":"","fileTypesAndContributionMap":{"txt":{"insertions":40,"deletions":0}}}]},{"date":"2021-01-06","commitResults":[{"hash":"65fe0fe078f8e9a8f6a506c864b3bf4189826c34","messageTitle":"Update web-platform-tests to revision 22d4100cb662819e50653db96fa563c540e69571","messageBody":"","fileTypesAndContributionMap":{"txt":{"insertions":2,"deletions":2}}}]},{"date":"2021-01-08","commitResults":[{"hash":"9f0945f6a01c9d3f019bcd7c43a960efdf9b3a29","messageTitle":"Update web-platform-tests to revision 289878db3e356829bb7ae5699dd847f04a7acf58","messageBody":"","fileTypesAndContributionMap":{"txt":{"insertions":1,"deletions":1}}}]},{"date":"2021-01-15","commitResults":[{"hash":"02952b63dd57d232cec73b764b5aebf4548bd72d","messageTitle":"Update web-platform-tests to revision 5e0db3c717532a88040300e65ce7c8b29004d93c","messageBody":"","fileTypesAndContributionMap":{"txt":{"insertions":1,"deletions":1}}}]},{"date":"2021-01-24","commitResults":[{"hash":"9320df4683c65e0c1b5c018c232c331399aff8f0","messageTitle":"Update web-platform-tests to revision 35077458592d7cf9349840211759aa85f20cd20c","messageBody":"","fileTypesAndContributionMap":{"txt":{"insertions":1,"deletions":1}}}]},{"date":"2021-02-03","commitResults":[{"hash":"78cf1982a2eaf84b4ac32db7a81d6c3923154e95","messageTitle":"Update web-platform-tests to revision 289272c280086dda4bce0d31f2ce0fc1e7a08fa8","messageBody":"","fileTypesAndContributionMap":{"txt":{"insertions":1,"deletions":1}}}]},{"date":"2021-02-04","commitResults":[{"hash":"ca2fd0f2903582842178d61d242588e7af1e429f","messageTitle":"Update web-platform-tests to revision c8a23aed99841887e72f883ab94a45d928a5820f","messageBody":"","fileTypesAndContributionMap":{"txt":{"insertions":0,"deletions":0}}}]},{"date":"2021-02-21","commitResults":[{"hash":"87be1008ded90f39f42a04967f5e3456276e3232","messageTitle":"Update web-platform-tests to revision b\u00277af9d6ec48ab04043a2bea85a3599904a1a19efa\u0027","messageBody":"","fileTypesAndContributionMap":{"txt":{"insertions":659,"deletions":2}}}]},{"date":"2021-02-25","commitResults":[{"hash":"4db11786c54fe9519d09e616c731da8fd6927106","messageTitle":"Update web-platform-tests to revision b\u002751407aaa3d17aa440f6807caef5e390dc779087a\u0027","messageBody":"","fileTypesAndContributionMap":{"txt":{"insertions":1,"deletions":1}}}]},{"date":"2021-03-03","commitResults":[{"hash":"5cd4d0259a8073eda3da17fec85459e9c6048243","messageTitle":"Update web-platform-tests to revision b\u0027b964db08565d01d21c778783da8e9b5d403de3d4\u0027","messageBody":"","fileTypesAndContributionMap":{"txt":{"insertions":1,"deletions":1}}}]},{"date":"2021-03-09","commitResults":[{"hash":"6c98c32c8ab7e9884c7a615bba9b752faa8722e6","messageTitle":"Update web-platform-tests to revision b\u00270339b7e9ebef65f3288f07167a17c123a782c66f\u0027","messageBody":"","fileTypesAndContributionMap":{"txt":{"insertions":1,"deletions":1}}}]}],"Sean Joseph":[],"Pierre TALLOTTE":[],"tobar2018":[],"Josh Matthews":[{"date":"2020-11-30","commitResults":[{"hash":"f0e8d6ee80470885eb1dd7d3dede229d05ab4182","messageTitle":"Remove unneeded python dependencies.","messageBody":"","fileTypesAndContributionMap":{"txt":{"insertions":0,"deletions":4}}}]},{"date":"2021-03-14","commitResults":[{"hash":"6f70bc84489cf2a35628264b2d7f0438368d1640","messageTitle":"Update boto3","messageBody":"","fileTypesAndContributionMap":{"txt":{"insertions":1,"deletions":1}}}]},{"date":"2021-03-21","commitResults":[{"hash":"f8b68ec7f7571d4e2be36dfc6709df1e6d208a1c","messageTitle":"Update mozdebug for py3 fixes.","messageBody":"","fileTypesAndContributionMap":{"txt":{"insertions":1,"deletions":1}}}]}],"dependabot-preview[bot]":[],"Boris Chiou":[],"Emilio Cobos Álvarez":[],"Cameron McCormack":[],"Tyler Wilcock":[],"Sean Feng":[],"Soveu":[],"Arjun Ramachandrula":[],"teymour-aldridge":[],"Nicolas Silva":[],"Alexander Surkov":[],"Sunita Sen":[],"Simon Schmeisser":[],"Philipp Zech":[],"Sylvestre Ledru":[],"delosrogers":[],"Michael Mc Donnell":[],"Philip Lamb":[],"Kagami Sascha Rosylight":[],"Zeke Medley":[],"Markus Stange":[],"Emily McDonough":[],"Jeremy Ir":[],"王滋涵 Zephyr Wang":[],"David Parks":[],"Mats Palmgren":[],"Simon Sapin":[],"Kartik Gautam":[],"zood":[],"longsonr":[],"Alex Touchet":[],"Ricky Stewart":[],"Paulo E. Castro":[],"Shinichi Morimoto":[],"Andreu Botella":[],"YUAN LYU":[]},"authorFileTypeContributionMap":{"atouchet":{"txt":0},"Mihai Alexandru Michis":{"txt":0},"sagu":{"txt":0},"Lunush":{"txt":0},"sagudev":{"txt":0},"bors-servo":{"txt":38},"Masatoshi Kimura":{"txt":0},"Tim Nguyen":{"txt":0},"Fernando Jiménez Moreno":{"txt":0},"Alan Jeffrey":{"txt":0},"Frederic Wang":{"txt":0},"Brian Birtles":{"txt":0},"Jonathan Kingston":{"txt":0},"Vincent Ricard":{"txt":4},"WPT Sync Bot":{"txt":726},"Sean Joseph":{"txt":0},"Pierre TALLOTTE":{"txt":0},"tobar2018":{"txt":0},"Josh Matthews":{"txt":2},"dependabot-preview[bot]":{"txt":0},"Boris Chiou":{"txt":0},"Emilio Cobos Álvarez":{"txt":0},"Cameron McCormack":{"txt":0},"Tyler Wilcock":{"txt":0},"Sean Feng":{"txt":0},"Soveu":{"txt":0},"Arjun Ramachandrula":{"txt":0},"teymour-aldridge":{"txt":0},"Nicolas Silva":{"txt":0},"Alexander Surkov":{"txt":0},"Sunita Sen":{"txt":0},"Simon Schmeisser":{"txt":0},"Philipp Zech":{"txt":0},"Sylvestre Ledru":{"txt":0},"delosrogers":{"txt":0},"Michael Mc Donnell":{"txt":0},"Philip Lamb":{"txt":0},"Kagami Sascha Rosylight":{"txt":0},"Zeke Medley":{"txt":0},"Markus Stange":{"txt":0},"Emily McDonough":{"txt":0},"Jeremy Ir":{"txt":0},"王滋涵 Zephyr Wang":{"txt":0},"David Parks":{"txt":0},"Mats Palmgren":{"txt":0},"Simon Sapin":{"txt":0},"Kartik Gautam":{"txt":0},"zood":{"txt":0},"longsonr":{"txt":0},"Alex Touchet":{"txt":0},"Ricky Stewart":{"txt":0},"Paulo E. Castro":{"txt":0},"Shinichi Morimoto":{"txt":0},"Andreu Botella":{"txt":0},"YUAN LYU":{"txt":0}},"authorContributionVariance":{"atouchet":0.0,"Mihai Alexandru Michis":0.0,"sagu":0.0,"Lunush":0.0,"sagudev":0.0,"bors-servo":1.1953409E7,"Masatoshi Kimura":0.0,"Tim Nguyen":0.0,"Fernando Jiménez Moreno":0.0,"Alan Jeffrey":0.0,"Frederic Wang":0.0,"Brian Birtles":0.0,"Jonathan Kingston":0.0,"Vincent Ricard":0.3615705,"WPT Sync Bot":2476.8135,"Sean Joseph":0.0,"Pierre TALLOTTE":0.0,"tobar2018":0.0,"Josh Matthews":0.13429724,"dependabot-preview[bot]":0.0,"Boris Chiou":0.0,"Emilio Cobos Álvarez":0.0,"Cameron McCormack":0.0,"Tyler Wilcock":0.0,"Sean Feng":0.0,"Soveu":0.0,"Arjun Ramachandrula":0.0,"teymour-aldridge":0.0,"Nicolas Silva":0.0,"Alexander Surkov":0.0,"Sunita Sen":0.0,"Simon Schmeisser":0.0,"Philipp Zech":0.0,"Sylvestre Ledru":0.0,"delosrogers":0.0,"Michael Mc Donnell":0.0,"Philip Lamb":0.0,"Kagami Sascha Rosylight":0.0,"Zeke Medley":0.0,"Markus Stange":0.0,"Emily McDonough":0.0,"Jeremy Ir":0.0,"王滋涵 Zephyr Wang":0.0,"David Parks":0.0,"Mats Palmgren":0.0,"Simon Sapin":0.0,"Kartik Gautam":0.0,"zood":0.0,"longsonr":0.0,"Alex Touchet":0.0,"Ricky Stewart":0.0,"Paulo E. Castro":0.0,"Shinichi Morimoto":0.0,"Andreu Botella":0.0,"YUAN LYU":0.0},"authorDisplayNameMap":{"atouchet":"atouchet","Mihai Alexandru Michis":"Mihai Alexandru Michis","sagu":"sagu","Lunush":"Lunush","sagudev":"sagudev","bors-servo":"bors-servo","Masatoshi Kimura":"Masatoshi Kimura","Tim Nguyen":"Tim Nguyen","Fernando Jiménez Moreno":"Fernando Jiménez Moreno","Alan Jeffrey":"Alan Jeffrey","Frederic Wang":"Frederic Wang","Brian Birtles":"Brian Birtles","Jonathan Kingston":"Jonathan Kingston","Vincent Ricard":"Vincent Ricard","WPT Sync Bot":"WPT Sync Bot","Sean Joseph":"Sean Joseph","Pierre TALLOTTE":"Pierre TALLOTTE","tobar2018":"tobar2018","Josh Matthews":"Josh Matthews","dependabot-preview[bot]":"dependabot-preview[bot]","Boris Chiou":"Boris Chiou","Emilio Cobos Álvarez":"Emilio Cobos Álvarez","Cameron McCormack":"Cameron McCormack","Tyler Wilcock":"Tyler Wilcock","Sean Feng":"Sean Feng","Soveu":"Soveu","Arjun Ramachandrula":"Arjun Ramachandrula","teymour-aldridge":"teymour-aldridge","Nicolas Silva":"Nicolas Silva","Alexander Surkov":"Alexander Surkov","Sunita Sen":"Sunita Sen","Simon Schmeisser":"Simon Schmeisser","Philipp Zech":"Philipp Zech","Sylvestre Ledru":"Sylvestre Ledru","delosrogers":"delosrogers","Michael Mc Donnell":"Michael Mc Donnell","Philip Lamb":"Philip Lamb","Kagami Sascha Rosylight":"Kagami Sascha Rosylight","Zeke Medley":"Zeke Medley","Markus Stange":"Markus Stange","Emily McDonough":"Emily McDonough","Jeremy Ir":"Jeremy Ir","王滋涵 Zephyr Wang":"王滋涵 Zephyr Wang","David Parks":"David Parks","Mats Palmgren":"Mats Palmgren","Simon Sapin":"Simon Sapin","Kartik Gautam":"Kartik Gautam","zood":"zood","longsonr":"longsonr","Alex Touchet":"Alex Touchet","Ricky Stewart":"Ricky Stewart","Paulo E. Castro":"Paulo E. Castro","Shinichi Morimoto":"Shinichi Morimoto","Andreu Botella":"Andreu Botella","YUAN LYU":"YUAN LYU"}}
