{"authorDailyContributionsMap":{"atouchet":[],"Mihai Alexandru Michis":[{"date":"2021-02-26","commitResults":[{"hash":"b1dbbb296905f96d675ff5aaac109cbf84fc3fb1","messageTitle":"Backed out 2 changesets (bug 1664718) for causing wpt and bc failures.","messageBody":"CLOSED TREE\n\nBacked out changeset 62e71d3b6b32 (bug 1664718)\nBacked out changeset c8a8791a26ed (bug 1664718)\n","fileTypesAndContributionMap":{"rs":{"insertions":13,"deletions":50}}},{"hash":"e9c1d490a9f02ce879a535adb309e7ada182f308","messageTitle":"style: Fix lint error in matching.rs a\u003dlint-fix","messageBody":"CLOSED TREE\n","fileTypesAndContributionMap":{"rs":{"insertions":2,"deletions":2}}}]}],"sagu":[],"Lunush":[],"sagudev":[{"date":"2021-03-12","commitResults":[{"hash":"425057c4323fe9bf3857e2c99912dc10b79166b7","messageTitle":"Fix errors","messageBody":"","fileTypesAndContributionMap":{"rs":{"insertions":11,"deletions":20}}},{"hash":"a265a2a7e6c53eda558aa61712646382bbe129af","messageTitle":"Formating","messageBody":"","fileTypesAndContributionMap":{"rs":{"insertions":13,"deletions":4}}}]},{"date":"2021-03-13","commitResults":[{"hash":"d424eaae91919e9e2653c5deb3069e4c00a2d1b3","messageTitle":"Fix ModuleEvaluate","messageBody":"","fileTypesAndContributionMap":{"rs":{"insertions":3,"deletions":2}}},{"hash":"d8c398c457baaa48557f8d20cdd27c1e1963aa72","messageTitle":"fmt","messageBody":"","fileTypesAndContributionMap":{"rs":{"insertions":1,"deletions":1}}}]}],"bors-servo":[],"Masatoshi Kimura":[{"date":"2021-02-26","commitResults":[{"hash":"16e0fd3e1f28a1a0d80d0effa158ee5822a7b0a1","messageTitle":"style: Replace :-moz-native-anonymous-no-specificity with :where(:-moz-native-anonymous).","messageBody":"Differential Revision: https://phabricator.services.mozilla.com/D88255\n","fileTypesAndContributionMap":{"rs":{"insertions":1,"deletions":16}}},{"hash":"639bada63a6d1c228dae96a2912fe4eb02d53731","messageTitle":"style: Replace :-moz-native-anonymous-no-specificity with :where(:-moz-native-anonymous).","messageBody":"Differential Revision: https://phabricator.services.mozilla.com/D88255\n","fileTypesAndContributionMap":{"rs":{"insertions":3,"deletions":15}}}]}],"Tim Nguyen":[{"date":"2021-02-26","commitResults":[{"hash":"4ea378a6ae232af09135b2037c527466ef5454de","messageTitle":"style: Remove support for XUL grid display values.","messageBody":"Differential Revision: https://phabricator.services.mozilla.com/D53297\n","fileTypesAndContributionMap":{"rs":{"insertions":0,"deletions":18}}},{"hash":"55e9d8c2141f190bb094b9b48d6835103d083545","messageTitle":"style: Remove layout.css.conic-gradient.enabled preference.","messageBody":"Differential Revision: https://phabricator.services.mozilla.com/D98126\n","fileTypesAndContributionMap":{"rs":{"insertions":4,"deletions":16}}}]}],"Fernando Jiménez Moreno":[],"Alan Jeffrey":[],"Frederic Wang":[{"date":"2021-02-26","commitResults":[{"hash":"ca03f4df6d2dd64bec30393fde7b88e2efd22b29","messageTitle":"style: Implement the math-style property.","messageBody":"This patch renames the internal -moz-math-display to math-style and\nexposes it under the layout.css.math-style.enabled preference. The\ninitial value becomes \"normal\" but that does not affect the default\nMathML behavior since the UA style sheet sets the math-style property\nexplicitly on \u003cmath\u003e tags. WPT tests are updated to use the syntax\napproved by the CSSWG.\n\nIntent to prototype: https://groups.google.com/forum/#!msg/mozilla.dev.platform/1hQQ7ISudGo/_yLEckEeBQAJ\n\nDifferential Revision: https://phabricator.services.mozilla.com/D90731\n","fileTypesAndContributionMap":{"rs":{"insertions":9,"deletions":9}}},{"hash":"dab46fc958abde0103e229a87523369306a10082","messageTitle":"style: Implement displaystyle attribute on all MathML elements.","messageBody":"Gecko implements the displaystyle attribute as defined by MathML 3 i.e.\nonly on the math, mstyle and mtable elements. This commit follows MathML\nCore and instead define it as a global attribute mapped to math-style.\nSee https://mathml-refresh.github.io/mathml-core/#the-displaystyle-and-scriptlevel-attributes\n\nDifferential Revision: https://phabricator.services.mozilla.com/D90786\n","fileTypesAndContributionMap":{"rs":{"insertions":1,"deletions":0}}},{"hash":"4dfcf583cf14553cb59d0a43dd35c186d1c38028","messageTitle":"style: Rename -moz-math-script-level to math-depth.","messageBody":"This renames the internal -moz-math-script-level property in order to\nprepare for full math-depth support. Currently, the property is guarded\nunder a disabled-by-default flag, so there should be no observable\nbehavior change.\n\nDifferential Revision: https://phabricator.services.mozilla.com/D91285\n","fileTypesAndContributionMap":{"rs":{"insertions":26,"deletions":25}}},{"hash":"1a5f48ba433655fe06077cd69df2746a5ef9d88d","messageTitle":"style: Implement CSS parsing for the math-depth property.","messageBody":"Differential Revision: https://phabricator.services.mozilla.com/D91500\n","fileTypesAndContributionMap":{"rs":{"insertions":26,"deletions":26}}}]}],"Brian Birtles":[{"date":"2021-02-26","commitResults":[{"hash":"7c3d815f783982dfe27f0d9b6b43a26f886cbceb","messageTitle":"style: Make text-combine-upright not animatable.","messageBody":"Differential Revision: https://phabricator.services.mozilla.com/D84935\n","fileTypesAndContributionMap":{"rs":{"insertions":1,"deletions":1}}}]}],"Jonathan Kingston":[{"date":"2020-11-25","commitResults":[{"hash":"0e1479cc847333c81a37d11f0f65f0304972ba3c","messageTitle":"Add creation url and Secure Contexts","messageBody":"","fileTypesAndContributionMap":{"rs":{"insertions":131,"deletions":5}}}]}],"Vincent Ricard":[{"date":"2020-10-05","commitResults":[{"hash":"2a4dd894deb33bfe7c0d788afc9cc8c40c55ef48","messageTitle":"Implement DOMTokenList.supports API","messageBody":"","fileTypesAndContributionMap":{"rs":{"insertions":125,"deletions":14}}}]},{"date":"2020-10-09","commitResults":[{"hash":"fa57ba5ca98605c35dff6c209b6cd17dcd864372","messageTitle":"Make hidden input _charset_ check case insensitive","messageBody":"","fileTypesAndContributionMap":{"rs":{"insertions":3,"deletions":3}}}]},{"date":"2020-10-10","commitResults":[{"hash":"e7199c029f3ce276c77ce9680eb198fdfdb650d8","messageTitle":"Implements Stylesheet.ownerNode","messageBody":"","fileTypesAndContributionMap":{"rs":{"insertions":51,"deletions":22}}}]},{"date":"2020-10-16","commitResults":[{"hash":"66223f7596bc3e855a0680b3c6b8d463a308eeda","messageTitle":"Implements StyleSheet.media","messageBody":"","fileTypesAndContributionMap":{"rs":{"insertions":15,"deletions":0}}}]},{"date":"2020-10-30","commitResults":[{"hash":"5b400685876636af796ded1e64517d274fb18d47","messageTitle":"Set CORS preflight requests\u0027 `mode` to `cors`","messageBody":"","fileTypesAndContributionMap":{"rs":{"insertions":106,"deletions":62}}}]},{"date":"2020-11-04","commitResults":[{"hash":"9b31533728123aaa2e79b0b92e8b1d263cfc48b3","messageTitle":"Update the \"bad ports\" list","messageBody":"https://github.com/whatwg/fetch/issues/1108\n","fileTypesAndContributionMap":{"rs":{"insertions":2,"deletions":2}}}]},{"date":"2020-11-18","commitResults":[{"hash":"43b3d93aec58664ce013b255b0d498ead33b74f8","messageTitle":"Use data_url::Mime to parse the MIME Types","messageBody":"This commit follows the spectification\nhttps://fetch.spec.whatwg.org/#concept-header-extract-mime-type\n","fileTypesAndContributionMap":{"rs":{"insertions":120,"deletions":24}}}]},{"date":"2021-02-18","commitResults":[{"hash":"a627dde0d01e35a1cbdb62ca19ee0349757c34b0","messageTitle":"Port some code to Python3","messageBody":"","fileTypesAndContributionMap":{"rs":{"insertions":8,"deletions":8}}}]}],"WPT Sync Bot":[],"Sean Joseph":[{"date":"2020-11-26","commitResults":[{"hash":"3c8680f273760d88ef15ae6c1cece94539753337","messageTitle":"Add back code to identify JSObjects that should be counted in memory profiling","messageBody":"","fileTypesAndContributionMap":{"rs":{"insertions":9,"deletions":0}}},{"hash":"823cca30d65f58eaa80085ff2e40e99ba7bcb8ba","messageTitle":"Added is_platform_obj_static","messageBody":"","fileTypesAndContributionMap":{"rs":{"insertions":19,"deletions":4}}},{"hash":"9e22804983ab7506f35929e88e59741b7dfb7973","messageTitle":"Added is_platform_object_static check to is_dom_object","messageBody":"","fileTypesAndContributionMap":{"rs":{"insertions":2,"deletions":1}}}]}],"Pierre TALLOTTE":[{"date":"2021-02-26","commitResults":[{"hash":"48db30f6e28d4b90d80fbf065d6bf7fa1d579fbd","messageTitle":"style: Hide non-standard values of caption-side.","messageBody":"Differential Revision: https://phabricator.services.mozilla.com/D104321\n","fileTypesAndContributionMap":{"rs":{"insertions":11,"deletions":0}}}]}],"tobar2018":[{"date":"2021-02-26","commitResults":[{"hash":"4a625be8add8f77246577e0ec0164d94f58586b6","messageTitle":"style: Remove all references to the preference \u0027layout.css.moz-touch-enabled.enabled\u0027.","messageBody":"Differential Revision: https://phabricator.services.mozilla.com/D91401\n","fileTypesAndContributionMap":{"rs":{"insertions":1,"deletions":26}}}]}],"Josh Matthews":[{"date":"2020-11-12","commitResults":[{"hash":"1e3d72dc828afeee7b24b302f1f455110accfa3b","messageTitle":"Fix deprecation warnings.","messageBody":"","fileTypesAndContributionMap":{"rs":{"insertions":13,"deletions":13}}}]},{"date":"2020-11-15","commitResults":[{"hash":"cb2b2abdeedfd54debf6a63275257583358e2547","messageTitle":"Expose non-widget rendering to embedders.","messageBody":"","fileTypesAndContributionMap":{"rs":{"insertions":25,"deletions":8}}},{"hash":"d9484d5d06cde0b6a954d539331810fbd7d5878c","messageTitle":"Expose WebrenderSurfman interface to embedders.","messageBody":"","fileTypesAndContributionMap":{"rs":{"insertions":9,"deletions":1}}},{"hash":"bd2d4596b0eacee380f6b71353c340aae49d0fd5","messageTitle":"Allow embedders to access front buffer surface.","messageBody":"","fileTypesAndContributionMap":{"rs":{"insertions":17,"deletions":0}}}]},{"date":"2021-02-18","commitResults":[{"hash":"5c4939599e2793154569b19db87be8cc05ca9269","messageTitle":"Update mozjs.","messageBody":"","fileTypesAndContributionMap":{"rs":{"insertions":126,"deletions":73}}}]},{"date":"2021-02-26","commitResults":[{"hash":"3ce71cda73c9840d36b99c20aecd190125791ea3","messageTitle":"Add build github actions workflows for mac/windows/linux.","messageBody":"","fileTypesAndContributionMap":{"rs":{"insertions":1,"deletions":1}}},{"hash":"3f39dde189ff4f29ddd56d7f04a6e5be3cd61c0e","messageTitle":"Adjust size test for debug/release differences.","messageBody":"","fileTypesAndContributionMap":{"rs":{"insertions":3,"deletions":0}}}]},{"date":"2021-03-05","commitResults":[{"hash":"10231573be736a0bd4e3c8e85e88a03b748db0ef","messageTitle":"Update to winit 0.24.","messageBody":"Co-authored-by: Josh Matthews \u003cjosh@joshmatthews.net\u003e\nCo-authored-by: Paulo E. Castro \u003cpecastro@wormholenet.com\u003e\n","fileTypesAndContributionMap":{"rs":{"insertions":298,"deletions":305}}},{"hash":"49ddc5ea3d43b308b636b6e1b9e03b7ecea14119","messageTitle":"Only request synchronous repaint when a resize will actually occur.","messageBody":"","fileTypesAndContributionMap":{"rs":{"insertions":12,"deletions":14}}}]},{"date":"2021-03-12","commitResults":[{"hash":"2e35fc5cb9cb48650c768b05b9a89bd754a60c2d","messageTitle":"Disable hanging hang monitor tests on windows","messageBody":"","fileTypesAndContributionMap":{"rs":{"insertions":4,"deletions":0}}}]},{"date":"2021-03-14","commitResults":[{"hash":"129c5837998e1c7a71a03a06f87516c7b2fbbcb0","messageTitle":"Update to 3/12 rustc nightly.","messageBody":"","fileTypesAndContributionMap":{"rs":{"insertions":6,"deletions":4}}},{"hash":"21e31547eacd3a137b4e4e305723d29daa10efe2","messageTitle":"Don\u0027t use headless winit event loop on macOS.","messageBody":"","fileTypesAndContributionMap":{"rs":{"insertions":2,"deletions":2}}},{"hash":"9e1f6ee332ff9f789ac4a79f5fe3b7ecfca674f2","messageTitle":"Ignore warnings.","messageBody":"","fileTypesAndContributionMap":{"rs":{"insertions":2,"deletions":0}}}]}],"dependabot-preview[bot]":[],"Boris Chiou":[{"date":"2021-02-26","commitResults":[{"hash":"61685ca9b31caa0c6b4aeee0f5f6ec96804b49f7","messageTitle":"style: Serialize a 0/0 ratio as 0/0 in all value stages.","messageBody":"Based on the update of github.com/w3c/csswg-drafts/issues/5084,\na 0/0 ratio will serialize as 0/0 in all value stages.\n\nDifferential Revision: https://phabricator.services.mozilla.com/D93182\n","fileTypesAndContributionMap":{"rs":{"insertions":17,"deletions":10}}},{"hash":"52d39fc1bc436e41a2e74583bfaee6120ddd4128","messageTitle":"style: Move Ratio into independent files.","messageBody":"Based on https://drafts.csswg.org/css-values/#ratios, \u003cratio\u003e should be\na general types in css values, and now the media query and the position use\nthis type, so let\u0027s move it into the independent files.\n\nDifferential Revision: https://phabricator.services.mozilla.com/D106218\n","fileTypesAndContributionMap":{"rs":{"insertions":142,"deletions":115}}},{"hash":"0ef2410ea07b5a3443e14d6a3d3ce5b3b4d59fbb","messageTitle":"style: Implement Animate trait and ComputeSquaredDistance trait for \u003cratio\u003e.","messageBody":"I also update the wpt becasue it seems the original one lets \u003cratio\u003e\nsupport the addition. However, the spec says \"Addition of \u003cratio\u003es is not\npossible\".\n\nDifferential Revision: https://phabricator.services.mozilla.com/D106219\n","fileTypesAndContributionMap":{"rs":{"insertions":83,"deletions":7}}}]}],"Emilio Cobos Álvarez":[{"date":"2021-02-26","commitResults":[{"hash":"46df06b3e2823fe09e3fcc7a31605a90e5327753","messageTitle":"style: Use mozilla::Length rather than nscoord to store font sizes.","messageBody":"This avoids arbitrary precision loss when computing REM units and so on,\nwhich is particularly important if we ever change the base of our app\nunits (but useful regardless).\n\nDifferential Revision: https://phabricator.services.mozilla.com/D79928\n","fileTypesAndContributionMap":{"rs":{"insertions":99,"deletions":100}}},{"hash":"75b38efefd101441ac1f2a84f54acbe6ca4c39d8","messageTitle":"style: Have the destructor of CalcNode be never inline.","messageBody":"You tell me which other things need it... Copy-constructor? operator\u003d\u003d?\nand such?\n\nDifferential Revision: https://phabricator.services.mozilla.com/D73385\n","fileTypesAndContributionMap":{"rs":{"insertions":7,"deletions":0}}},{"hash":"1c8d4be6b22796cb5b35e1f10ff52803ad0f6a2a","messageTitle":"style: Fix an off-by-one in the transition property iterator.","messageBody":"By the time we get to iterate over the longhands of a shorthand, we\u0027ve\nalready advanced the range iterator, so we look at the next duration and\nsuch, which causes this bug.\n\nI\u0027m seriously baffled that no existing test caught this when it\nlanded, neither in our internal test suite nor wpt...  :/\n\nDifferential Revision: https://phabricator.services.mozilla.com/D82396\n","fileTypesAndContributionMap":{"rs":{"insertions":1,"deletions":1}}},{"hash":"9d3876bda08e0b7e115b13260f06aecac1fe0d28","messageTitle":"style: Apply a grayscale filter to pages when monochrome.","messageBody":"This hooks the \"monochrome\" media query and co to the\nnsIPrintSettings.printInColor setting.\n\nThis print setting we\u0027re using is not exposed in the print preview UI,\nbut you can test it setting the print.print_in_color preference to\n\"false\", and then print preview will correctly show up greyscale\u0027d.\n\nOnce this lands, the UI folks just have to use it as they see fit :)\n\nI would\u0027ve liked to add a proper rendering test, but the print reftests\ncheck only whether the PDF text matches.\n\nI could add a test to printpreview_helper.xhtml, but I\u0027m refactoring\nthat file in bug 1648064 so I\u0027d rather wait a bit and add it in a\nseparate bug. The test for the media feature should make sure that we\ntest that code path at least.\n\nDifferential Revision: https://phabricator.services.mozilla.com/D83552\n","fileTypesAndContributionMap":{"rs":{"insertions":2,"deletions":3}}},{"hash":"780beace0046f7402528fdf9546f6056933c0ab1","messageTitle":"style: Make stylesheet invalidation faster.","messageBody":"This fixes performance issues when there\u0027s a massive number of rules and\na massive DOM.\n\nInstead of going through all rules for all the DOM, we now look stuff in\nhashmaps.\n\nDifferential Revision: https://phabricator.services.mozilla.com/D83506\n","fileTypesAndContributionMap":{"rs":{"insertions":197,"deletions":122}}},{"hash":"687fc20274f1f7b6a133efea776934211dc27f6b","messageTitle":"style: Use Overflow::is_scrollable in StyleAdjuster.","messageBody":"It was introduced in the overflow: clip work but this standalone\nequivalent remained.\n\nDifferential Revision: https://phabricator.services.mozilla.com/D85778\n","fileTypesAndContributionMap":{"rs":{"insertions":1,"deletions":5}}},{"hash":"dfa715a8d8b89f4e5768f30f2de892d320cb1bbb","messageTitle":"style: Fix a silly mistake in which we\u0027d prefer a local name / tag invalidation to an id invalidation.","messageBody":"ID invalidations should always win.\n\nThis also prefers invalidations deeper in the subtree to higher up.\n\nDifferential Revision: https://phabricator.services.mozilla.com/D85615\n","fileTypesAndContributionMap":{"rs":{"insertions":5,"deletions":3}}},{"hash":"ca7e1ecfd8bd3c18b38f0e3890b6c05eedc7b60c","messageTitle":"style: Invalidate for CSSOM changes in a more fine-grained way.","messageBody":"Also, for changes in CSS declarations, like changing\ncssRules[i].style.color or something, we end up avoiding a lot of the\nwork we were doing.\n\nThis page still trips us in the sense that they add a stylesheet, then\ncall getBoundingClientRect(), then insert more rules in the stylesheet,\nwhich causes us to rebuild a lot of the cascade data.\n\nWe could try to detect appends to the last stylesheet on the list or\nsomething I guess, and avoid rebuilding the cascade data in some cases.\n\nDepends on D85615\n\nDifferential Revision: https://phabricator.services.mozilla.com/D85616\n","fileTypesAndContributionMap":{"rs":{"insertions":273,"deletions":74}}},{"hash":"0d7922cb534122ba8c1d000dee5d5b472d873137","messageTitle":"style: Remove layout.css.shadow-parts.enabled.","messageBody":"Shipped since 72 (bug 1559074).\n\nDifferential Revision: https://phabricator.services.mozilla.com/D86661\n","fileTypesAndContributionMap":{"rs":{"insertions":1,"deletions":1}}},{"hash":"5ba426ae6f785407ea38ed9d66dff43bd8501213","messageTitle":"style: Remove layout.css.is-where-selectors.enabled.","messageBody":"Shipped since 78 (bug 1632646).\n\nDifferential Revision: https://phabricator.services.mozilla.com/D86662\n","fileTypesAndContributionMap":{"rs":{"insertions":1,"deletions":2}}},{"hash":"2167a0c0990c15b6e67f2b93171369355a9dc179","messageTitle":"style: Remove layout.css.comparison-functions.enabled.","messageBody":"Shipped since FF75 (bug 1519519).\n\nDifferential Revision: https://phabricator.services.mozilla.com/D86693\n","fileTypesAndContributionMap":{"rs":{"insertions":1,"deletions":19}}},{"hash":"73a9c57c3b1cda7fcff806aec3c180aaea0d6195","messageTitle":"style: Implement :-moz-any() as an alias of :is().","messageBody":"This is strictly better and more flexible, but can change specificity so\nhave a pref in case it causes trouble. I doubt it will though, the\nspecificity rules of :is() make more sense, and my gut feeling is that\n:-moz-any is not very used on the wild.\n\nMake it early-beta-or-earlier for now to minimize risk, once this is on\nnightly for a bit we can enable it everywhere.\n\nDifferential Revision: https://phabricator.services.mozilla.com/D86696\n","fileTypesAndContributionMap":{"rs":{"insertions":6,"deletions":0}}},{"hash":"9d55296893feaf186af1906e3c8537af81fd8ea9","messageTitle":"style: Fix two minor issues with scrollbar style caching.","messageBody":"Add -moz-inert and -moz-script-level to the set of internal properties\nthat aren\u0027t included in \"all\".\n\n-moz-inert may need to be uncacheable in the future if we make it not\nchange the pointer-events computed value. Left a comment to that effect.\n\nDifferential Revision: https://phabricator.services.mozilla.com/D87115\n","fileTypesAndContributionMap":{"rs":{"insertions":3,"deletions":0}}},{"hash":"c200b673951cdff7a20fa692aefb15f8e3dc6a97","messageTitle":"style: Make media queries and viewport units in print be evaluated against the default page size minus margins.","messageBody":"For that, move the default page margin computation to nsPresContext.\n\nSee https://github.com/w3c/csswg-drafts/issues/5437 as to why doing this\nand other alternatives.\n\nDifferential Revision: https://phabricator.services.mozilla.com/D87311\n","fileTypesAndContributionMap":{"rs":{"insertions":27,"deletions":18}}},{"hash":"f2dfe7f08c0230911e67b400297cc4f429639da5","messageTitle":"style: Bail out when collecting invalidations for nested rules if any of them make us fully invalid.","messageBody":"Differential Revision: https://phabricator.services.mozilla.com/D87446\n","fileTypesAndContributionMap":{"rs":{"insertions":4,"deletions":1}}},{"hash":"35716fd514b7adfe11726d5bfea4b8f486050834","messageTitle":"style: Only apply grayscale filter for printing on print preview.","messageBody":"Differential Revision: https://phabricator.services.mozilla.com/D88065\n","fileTypesAndContributionMap":{"rs":{"insertions":28,"deletions":1}}},{"hash":"74c449c04c799cd8b8830ee35b0891a7618bbe1a","messageTitle":"style: Rename ::file-chooser-button to ::file-selector-button, and enable it in all channels.","messageBody":"See https://github.com/w3c/csswg-drafts/issues/5049\n\nDifferential Revision: https://phabricator.services.mozilla.com/D88995\n","fileTypesAndContributionMap":{"rs":{"insertions":3,"deletions":3}}},{"hash":"cd7619dbf64493bccbab28c1ea3cb50b74c81cd8","messageTitle":"style: Make @font-face and @counter-style serialization closer other browsers and style rules.","messageBody":"Style rules serialize on one line and so should @font-face blocks.\n\nPart of https://github.com/w3c/csswg-drafts/issues/4828.\n\nDifferential Revision: https://phabricator.services.mozilla.com/D89302\n","fileTypesAndContributionMap":{"rs":{"insertions":11,"deletions":8}}},{"hash":"ad0f63769cbcd7e6b4860f0c9179f58c8c8a7485","messageTitle":"style: Speed up custom property diffing.","messageBody":"When entering or leaving fullscreen in youtube, we spend most of the\nrestyle time diffing custom properties, under IndexMap::eq.\n\nTurns out that IndexMap equality is not order-aware, and thus you\nactually need to make a hashmap lookup for each entry in the map, which\nis unnecessarily inefficient.\n\nInstead, just compare the iterators.\n\nSee https://github.com/bluss/indexmap/issues/153.\n\nDifferential Revision: https://phabricator.services.mozilla.com/D89434\n","fileTypesAndContributionMap":{"rs":{"insertions":23,"deletions":2}}},{"hash":"768db078ef2b1e2675e5ddc929f83e736ee31e47","messageTitle":"style: Make appearance: button behave like auto.","messageBody":"As per https://github.com/w3c/csswg-drafts/issues/5174.\n\nDifferential Revision: https://phabricator.services.mozilla.com/D89119\n","fileTypesAndContributionMap":{"rs":{"insertions":3,"deletions":47}}},{"hash":"19c24075b46bacc2dbdf7d363aaba3779f8a7962","messageTitle":"style: Remove -moz-user-disabled.","messageBody":"We treat it exactly the same as -moz-broken. The pseudo-class is not\nexposed to content, so I don\u0027t think we have a reason to keep it around.\n\nDifferential Revision: https://phabricator.services.mozilla.com/D89904\n","fileTypesAndContributionMap":{"rs":{"insertions":0,"deletions":5}}},{"hash":"83448b68890fc625be6b4d6f13370fc3bbe58169","messageTitle":"style: Remove -moz-suppressed.","messageBody":"Per spec we shouldn\u0027t behave differently depending on how we blocked the\nimage/object/etc.\n\nThis may have made sense in the past when ad blockers were implemented\nvia nsIContentPolicy, but I think nowadays it doesn\u0027t make sense, and\nshowing fallback is preferred.\n\nThere\u0027s a couple extra cleanups we can do after this lands, like\nremoving HTMLImageElement.imageBlockingStatus and simplifying a bit that\ncode. But I\u0027ll do that in a separate bug.\n\nDifferential Revision: https://phabricator.services.mozilla.com/D89912\n","fileTypesAndContributionMap":{"rs":{"insertions":0,"deletions":4}}},{"hash":"f2e765296a73c28c3583c04c2695075078f914ea","messageTitle":"style: Allow :is() and :where() to have better error recovery.","messageBody":"Adjust is-where-parsing.html to work with both the new and old behavior,\nand add a test for the new behavior.\n\nDepends on D90049\n\nDifferential Revision: https://phabricator.services.mozilla.com/D90050\n","fileTypesAndContributionMap":{"rs":{"insertions":10,"deletions":1}}},{"hash":"c99d6adf01d7ccaf309a921e8da7b80cb0195f32","messageTitle":"style: Consider display: none elements as having current style for animation-only traversal.","messageBody":"This is mostly a band-aid, though it also serves sorta as an\noptimization.\n\nThe issue here is basically bug 1393323. By re-cascading, right now we\ncan\u0027t come up with the right before-change style if CSSOM has mutated\nthe rules. We really need a better way to come up with the before-change\nstyle, as the animation-only traversal is not really sustainable (nor\nfast, for that matter...).\n\nBut this avoids crashing and prevents the regression easily, so let\u0027s do\nthat for now.\n\nDifferential Revision: https://phabricator.services.mozilla.com/D90700\n","fileTypesAndContributionMap":{"rs":{"insertions":24,"deletions":3}}},{"hash":"60d89cfbc0592ee5d95f023269a04b33c7e50215","messageTitle":"style: CSSOM should respect rule-level property restrictions.","messageBody":"Differential Revision: https://phabricator.services.mozilla.com/D90729\n","fileTypesAndContributionMap":{"rs":{"insertions":19,"deletions":13}}},{"hash":"74a46d96ebe786ceaab0a6b2189a11e4e2632015","messageTitle":"style: Don\u0027t optimize ::before/::after away if content/display have been specified via custom properties.","messageBody":"We need to treat them the same way as we treat content: inherit.\n\nDifferential Revision: https://phabricator.services.mozilla.com/D90222\n","fileTypesAndContributionMap":{"rs":{"insertions":27,"deletions":8}}},{"hash":"379fb984f13500ed0e60b3ab75c00de92e8c5224","messageTitle":"style: When resetting background color for high contrast, preserve alpha channel appropriately.","messageBody":"But discard it when backplating behind text, so that text is readable.\n\nThis should be uncontroversial... Dealing with widgets is a bit harder\nso TBD.\n\nDifferential Revision: https://phabricator.services.mozilla.com/D91779\n","fileTypesAndContributionMap":{"rs":{"insertions":40,"deletions":15}}},{"hash":"384fd59ad0047fc0130478585f2c22bf274ac5bd","messageTitle":"style: Use Option::as_deref() in style code.","messageBody":"And drive-by simplify another function that was only doing\nOption::clone().\n\nDifferential Revision: https://phabricator.services.mozilla.com/D92839\n","fileTypesAndContributionMap":{"rs":{"insertions":10,"deletions":16}}},{"hash":"2b55918be6907f5535398321e6eff18f4d0cbb1b","messageTitle":"style: Properly distinguish between empty children and no children in rule iterator.","messageBody":"So that skip_children(), which just pops the stack and is used by the\ndynamic media query evaluation code, works as it should.\n\nDifferential Revision: https://phabricator.services.mozilla.com/D92717\n","fileTypesAndContributionMap":{"rs":{"insertions":14,"deletions":12}}},{"hash":"436632f378a6752cc9dec93ca5b09af54dcc9b53","messageTitle":"style: Introduce InspectorUtils.supports().","messageBody":"Which allows to run CSS.supports in chrome/user-agent context. We should\nprobably add a couple more tweaks for stuff like quirks or what not (the\n`ParsingMode` enum), but that seem lower priority.\n\nI only added the one-value version of CSS.supports because it should be enough\nand supporting the two value version required a bit of awkward code due to when\nwe parse the CSS property name right now.\n\nDifferential Revision: https://phabricator.services.mozilla.com/D92585\n","fileTypesAndContributionMap":{"rs":{"insertions":2,"deletions":22}}},{"hash":"a4f82712ae886ffb075737d182c483c8e812c96b","messageTitle":"style: Always serialize ratio with both components.","messageBody":"Differential Revision: https://phabricator.services.mozilla.com/D93639\n","fileTypesAndContributionMap":{"rs":{"insertions":14,"deletions":7}}},{"hash":"5b42605b79353b450346e03ab73af1fd17008f4e","messageTitle":"style: Remove unused DeclarationBlock::get_at_importance.","messageBody":"Differential Revision: https://phabricator.services.mozilla.com/D94693\n","fileTypesAndContributionMap":{"rs":{"insertions":0,"deletions":15}}},{"hash":"20d2a06967c71e36b32789a6cb3dcf4ff2fe0f58","messageTitle":"style: Use document quirks mode rather than sheet quirks mode for stylesheet invalidation.","messageBody":"In order to determine whether classes or ids are case insensitive we\nneed the document quirks mode. The sheet quirks mode almost always\nmatches, but may not match when sheets are added by privileged APIs.\n\nDifferential Revision: https://phabricator.services.mozilla.com/D95061\n","fileTypesAndContributionMap":{"rs":{"insertions":8,"deletions":2}}},{"hash":"5d388745d8943a96cb213cc10ffffd40f544ab5c","messageTitle":"style: Don\u0027t waste string space before making values immutable.","messageBody":"Differential Revision: https://phabricator.services.mozilla.com/D96130\n","fileTypesAndContributionMap":{"rs":{"insertions":12,"deletions":6}}},{"hash":"bdbe8fde42373987c9845200e4ac9801f039e28e","messageTitle":"style: Shrink custom property maps before making them immutable.","messageBody":"Differential Revision: https://phabricator.services.mozilla.com/D96132\n","fileTypesAndContributionMap":{"rs":{"insertions":1,"deletions":0}}},{"hash":"42abdb99c44727de33fb141486e47dcdf83301aa","messageTitle":"style: Fix font loading invalidation to account for metrics coming from the parent style.","messageBody":"We were only looking at the given frame\u0027s style, which is not\nsufficient for this case.\n\nDifferential Revision: https://phabricator.services.mozilla.com/D96237\n","fileTypesAndContributionMap":{"rs":{"insertions":18,"deletions":13}}},{"hash":"e1bf1648c7d7f327a7f5652805c318812b8c4ebe","messageTitle":"style: Fix declaration block serialization and logical properties.","messageBody":"As per https://github.com/w3c/csswg-drafts/issues/3030.\n\nAlso remove a system font special-case. It\u0027s generally handled in\nshorthands/font.mako.rs, and when it\u0027s not, it\u0027s really the same issue\nas https://github.com/w3c/csswg-drafts/issues/2515.\n\nBrowsers are all over the place for the system font case, so I think\nit\u0027s fine.\n\nDifferential Revision: https://phabricator.services.mozilla.com/D96045\n","fileTypesAndContributionMap":{"rs":{"insertions":145,"deletions":94}}},{"hash":"4771d7ddf0a43835f6466856afcf3596e815a340","messageTitle":"style: Make focus-visible match the spec more closely.","messageBody":"The spec text has been improved a while ago, so I think we should do\nthis. This keeps the current moz-focusring behavior when the pref is\ndisabled, but when enabled it becomes effectively an alias of\nfocus-visible.\n\nDifferential Revision: https://phabricator.services.mozilla.com/D96697\n","fileTypesAndContributionMap":{"rs":{"insertions":3,"deletions":5}}},{"hash":"9f40b9ba38a531088c2117b955f40af6ea0d09c8","messageTitle":"style: Avoid some allocations in selector serialization.","messageBody":"The allocations in display_to_css_identifier show up in the profiles of\nbug 1675628.\n\nDifferential Revision: https://phabricator.services.mozilla.com/D97856\n","fileTypesAndContributionMap":{"rs":{"insertions":220,"deletions":114}}},{"hash":"5277275263b7d8f69eb0e0a3476fa2ff017dec36","messageTitle":"style: Make CssUrl::is_fragment marginally more efficient.","messageBody":"No need to do utf8 shenanigans for what this function does.\n\nDifferential Revision: https://phabricator.services.mozilla.com/D97473\n","fileTypesAndContributionMap":{"rs":{"insertions":1,"deletions":1}}},{"hash":"bd2566d3916ace7d84a5b41cbdfe11d306f9dc4b","messageTitle":"style: Update cssparser to get ParserState in rule parser.","messageBody":"The changes should be trivial.\n\nThe third_party changes are up for review in\nhttps://github.com/servo/rust-cssparser/pull/277 (and of course I\u0027ll\nland with a bump to 0.28 rather than the override after that gets r+\u0027d).\n\nThe basic idea is that with this we have the actual start offset of the\nrule, so we wouldn\u0027t include html comments or other invalid stuff we\ndiscard during sanitization in bug 1680084. But that\u0027s a separate\nchange.\n\nDifferential Revision: https://phabricator.services.mozilla.com/D98677\n","fileTypesAndContributionMap":{"rs":{"insertions":25,"deletions":25}}},{"hash":"108f61928b0dee6712ee0f9015e32938885f98a8","messageTitle":"style: Use a more precise rule start for sanitization.","messageBody":"Differential Revision: https://phabricator.services.mozilla.com/D98710\n","fileTypesAndContributionMap":{"rs":{"insertions":21,"deletions":22}}},{"hash":"45af831c82aa10a89c83ebd542403cb0be12ac2b","messageTitle":"style: Remove layout.css.xul-tree-pseudos.content.enabled.","messageBody":"We unshipped these a while ago and left the pref just for testing\npurposes. But now all the reftests using it were conveniently migrated\nto chrome:// tests, so we no longer need it.\n\nDifferential Revision: https://phabricator.services.mozilla.com/D56950\n","fileTypesAndContributionMap":{"rs":{"insertions":1,"deletions":5}}},{"hash":"5f4da63a5e865fbf9818cc5843c2d79b15c70898","messageTitle":"style: Remove some text-decoration prefs that are always on.","messageBody":"Differential Revision: https://phabricator.services.mozilla.com/D99675\n","fileTypesAndContributionMap":{"rs":{"insertions":2,"deletions":18}}},{"hash":"019e6a3e2ab385c22f844084c8cb9a6396f7ae99","messageTitle":"style: Rename -moz-autofill to just autofill.","messageBody":"No compat impact, as this remains an internal pseudo-class for the time\nbeing.\n\nDifferential Revision: https://phabricator.services.mozilla.com/D99295\n","fileTypesAndContributionMap":{"rs":{"insertions":3,"deletions":2}}},{"hash":"72a0dbacc79a7e2f861aa6eb8a1976d8fdcc65a6","messageTitle":"style: Expose :autofill behind a pref to content, and add :-webkit-autofill as a compat alias.","messageBody":"Nightly only until we get resolutions on the relevant spec issues.\n\nDifferential Revision: https://phabricator.services.mozilla.com/D99296\n","fileTypesAndContributionMap":{"rs":{"insertions":5,"deletions":1}}},{"hash":"a3f84f85e34805b1f23407fc85b30a58533632a0","messageTitle":"style: Remove layout.css.moz-any-is-is.enabled.","messageBody":"We shipped this, let\u0027s remove the MozAny code.\n\nDifferential Revision: https://phabricator.services.mozilla.com/D99607\n","fileTypesAndContributionMap":{"rs":{"insertions":5,"deletions":69}}},{"hash":"f58301ecbc2f61cc6a42a2539f1123ab8bc1db8f","messageTitle":"style: Avoid UTF-8 -\u003e UTF-16 conversion during CSSOM serialization.","messageBody":"This lifts a bunch of string conversions higher up the stack, but allows\nus to make the servo code use utf-8 unconditionally, and seemed faster\nin my benchmarking (see comment 0).\n\nIt should also make a bunch of attribute setters faster too (like\nsetting .cssText), now that we use UTF8String for them (we couldn\u0027t\nbecause we couldn\u0027t specify different string types for the getter and\nsetters).\n\nDifferential Revision: https://phabricator.services.mozilla.com/D99590\n","fileTypesAndContributionMap":{"rs":{"insertions":15,"deletions":101}}},{"hash":"0dc6c32759c9e8284fb6b34ad16ba243d18c7ecb","messageTitle":"style: Make next_in_preorder generate slightly better code.","messageBody":"This avoids the panic code in release builds.\n\nDifferential Revision: https://phabricator.services.mozilla.com/D100094\n","fileTypesAndContributionMap":{"rs":{"insertions":7,"deletions":11}}},{"hash":"610ebe2e25086f0d980f5d6cc0ab79e63e0f1130","messageTitle":"style: Reorder some conditions when handling class/part attributes.","messageBody":"Empty class attributes are uncommon.\n\nDifferential Revision: https://phabricator.services.mozilla.com/D100592\n","fileTypesAndContributionMap":{"rs":{"insertions":17,"deletions":18}}},{"hash":"b8d46406f64507b031c662d2a4fde4eccb5f8ccc","messageTitle":"style: Inline nsTArray::deref.","messageBody":"This shaves \u003e50ms if the compiler decides not to inline it, compilers are\nsometimes dumb.\n\nDepends on D100593\n\nDifferential Revision: https://phabricator.services.mozilla.com/D100594\n","fileTypesAndContributionMap":{"rs":{"insertions":1,"deletions":0}}},{"hash":"892b0ffb5da78c753c44ae6fe4b83a4374a27345","messageTitle":"style: Use an AutoTArray for atom arrays in attributes (class / part).","messageBody":"These are never empty, and storing 4 elements inline seems worth it\ngiven we also heap-allocate the array itself.\n\nDepends on D100592\n\nDifferential Revision: https://phabricator.services.mozilla.com/D100593\n","fileTypesAndContributionMap":{"rs":{"insertions":6,"deletions":3}}},{"hash":"a4506d94ecbee1c91e32c93eeebbd9992fd330f2","messageTitle":"style: Remove some dead plugins code.","messageBody":"Differential Revision: https://phabricator.services.mozilla.com/D100472\n","fileTypesAndContributionMap":{"rs":{"insertions":0,"deletions":25}}},{"hash":"65a06d5003c25d25748892ba7cedf8d151a7721b","messageTitle":"style: Support full \u003cimage\u003e syntax in list-style-image as per spec.","messageBody":"This allows supporting image-set(), etc, and simplifies the bullet frame\ncode significantly, too thanks to two changes:\n\n  * Instead of manually managing the image request, use the CSS image\n    loader, with the `REQUEST_REQUIRES_REFLOW` flag, to handle image\n    loads correctly. This didn\u0027t exist when this code was initially\n    implemented, but we can nicely use it now.\n\n  * Instead of re-implementing another WebRender command-builder thing,\n    we can just reuse the nsImageRenderer code.\n\nDifferential Revision: https://phabricator.services.mozilla.com/D100774\n","fileTypesAndContributionMap":{"rs":{"insertions":7,"deletions":13}}},{"hash":"f27003c810b45f850a18c55b0f8134a9e52a3082","messageTitle":"style: Teach style_derive\u0027s map_type_params about mapping self correctly.","messageBody":"Consider the following:\n\nstruct Complex\u003cT\u003e {\n    something: T,\n    #[compute(field_bound)]\n    something_else: Generic\u003cSelf, T\u003e,\n}\n\nThat will generate:\n\nimpl\u003cT\u003e ToComputedValue for Complex\u003cT\u003e\nwhere\n    T: ToComputedValue,\n    Generic\u003cSelf, T\u003e: ToComputedValue\u003cComputedValue \u003d Generic\u003cSelf, \u003cT as ToComputedValue\u003e::ComputedValue\u003e\u003e,\n{\n    // ...\n}\n\nThat last clause is obviously incorrect. map_type_params correctly maps\nthe T, but it should know also about Self.\n\nIdeally we could just do the same as for T and do:\n\n    \u003cSelf as ToComputedValue\u003e::ComputedValue\n\nBut that doesn\u0027t quite work, because we are in that implementation of\nthe trait, and the compiler rightfully complains about we don\u0027t yet\nknowing the computed type. So we need to pass it explicitly, which is\nsimple enough, if a bit annoying.\n\nDifferential Revision: https://phabricator.services.mozilla.com/D83816\n","fileTypesAndContributionMap":{"rs":{"insertions":22,"deletions":13}}},{"hash":"4f28a8cd312be1e59db24b4a1c90d759ab2b525b","messageTitle":"style: Implement parsing and serialization for most of image-set().","messageBody":"This implements the basic image-set notation without the format()\nfunction (for simplicity).\n\nThere\u0027s a remaining serialization issue (we should probably skip 1x\nresolutions), but that\u0027s fine for now, I\u0027ll address this in a follow-up\nwhen the feature is testable.\n\nThe intention is to do the image selection at computed value time\n(keeping a selected index or such), but same, follow-up.\n\nThis also fixes an issue where the cors-mode for -moz-image-rect and\ncross-fade() was getting ignored when parsing.\n\nDifferential Revision: https://phabricator.services.mozilla.com/D100640\n","fileTypesAndContributionMap":{"rs":{"insertions":139,"deletions":30}}},{"hash":"7ddd46aba4c1704f576811ac6e8b5ba2cf904b94","messageTitle":"style: Implement source selection for image-set.","messageBody":"This is based on the logic in ResponsiveImageSelector::SelectImage (just\nsimplified because there\u0027s no viewport-dependent widths here).\n\nDifferential Revision: https://phabricator.services.mozilla.com/D100698\n","fileTypesAndContributionMap":{"rs":{"insertions":71,"deletions":13}}},{"hash":"ad8ac70ae82e5f5c67f0a26a15fec3f33756052b","messageTitle":"style: Remove the moz-focus-outer code.","messageBody":"This pseudo does nothing and we successfully removed it in bug 1655859\n(firefox 81).\n\nDifferential Revision: https://phabricator.services.mozilla.com/D101289\n","fileTypesAndContributionMap":{"rs":{"insertions":0,"deletions":3}}},{"hash":"70edd2318cb623902ce44610e93dfe986d89e086","messageTitle":"style: Remove layout.css.file-selector-button.enabled pref.","messageBody":"On by default since bug 1662478 (Firefox 82)\n\nDepends on D101289\n\nDifferential Revision: https://phabricator.services.mozilla.com/D101290\n","fileTypesAndContributionMap":{"rs":{"insertions":1,"deletions":6}}},{"hash":"f16305d25aea18056d8cc1423bcfe915e50204be","messageTitle":"style: Remove layout.css.unknown-webkit-pseudo-element.","messageBody":"Enabled since bug 1486325 (Firefox 64).\n\nDepends on D101290\n\nDifferential Revision: https://phabricator.services.mozilla.com/D101291\n","fileTypesAndContributionMap":{"rs":{"insertions":4,"deletions":6}}},{"hash":"df7ea837d8bbed29df400374e0c862c5d80bf573","messageTitle":"style: Allow resource:// stylesheets to use chrome-only rules.","messageBody":"We\u0027ll use it to use @-moz-document from plaintext.css.\n\nDifferential Revision: https://phabricator.services.mozilla.com/D101516\n","fileTypesAndContributionMap":{"rs":{"insertions":5,"deletions":5}}},{"hash":"45b837399fc2b47f7e9b6acce97ed69b2f54a890","messageTitle":"style: Add dark mode to plaintext.css, and a document rule to target plaintext documents.","messageBody":"We add two @-moz-document functions: `plain-text-document()`, matching the\nobvious, and `unobservable-document()`, which matches a top-level document with\nno opener. This is the equivalent check we do for automatic darkening of\n`about:blank` here:\n\n    https://searchfox.org/mozilla-central/rev/014fe72eaba26dcf6082fb9bbaf208f97a38594e/layout/base/PresShell.cpp#5282\n\nThe former we don\u0027t need to use, but it\u0027s nice to let user stylesheets target\nplaintext documents properly (rather than relying on extensions or what not).\n\nNote that these are not content-observable.\n\nAdd two tests: One showing that we produce different rendering when on dark\nmode, and one showing that we produce the same one from an iframe, regardless\nof dark mode.\n\nDepends on D101517\n\nDifferential Revision: https://phabricator.services.mozilla.com/D101518\n","fileTypesAndContributionMap":{"rs":{"insertions":27,"deletions":2}}},{"hash":"f4a8acc5582cb777229291b22b5a8522058ed522","messageTitle":"style: Add a non-native-theme media query.","messageBody":"Differential Revision: https://phabricator.services.mozilla.com/D102457\n","fileTypesAndContributionMap":{"rs":{"insertions":17,"deletions":1}}},{"hash":"4d8f55a7cb29e1042924b5725e4e8d2d560fbe67","messageTitle":"style: Add a more sensible scrollbar size API to nsITheme, and use it to replace ScrollbarNonDisappearing.","messageBody":"There\u0027s no reason we should need an scrollbar box to query the size of a\nscrollbar. I plan to use this in the following patch to make the size of a\nresizer not vary depending on whether the container has scrollbars or not,\nwhich is what ultimately causes the reftest failure.\n\nDifferential Revision: https://phabricator.services.mozilla.com/D103302\n","fileTypesAndContributionMap":{"rs":{"insertions":0,"deletions":4}}},{"hash":"e084d8e9d2e0c69cc387286f15335b5ffc3541b1","messageTitle":"style: Remove focus-visible feature flag.","messageBody":"This shipped in 85, we can remove the feature flag now. Keep\n:-moz-focusring as an alias to :focus-visible at parse time.\n\nDifferential Revision: https://phabricator.services.mozilla.com/D103752\n","fileTypesAndContributionMap":{"rs":{"insertions":1,"deletions":6}}},{"hash":"5fe702fa2be5a2e0ca0008b41fb8ff0967335f23","messageTitle":"style: Move caption-side outside of mako.","messageBody":"Make it an enum class, etc.\n\nDifferential Revision: https://phabricator.services.mozilla.com/D103978\n","fileTypesAndContributionMap":{"rs":{"insertions":59,"deletions":5}}},{"hash":"20f5e14bf8a63178e3f326a889083c00ec416d86","messageTitle":"style: Remove the need for needs_context in the mako glue.","messageBody":"It\u0027s only used to disambiguate between the one-argument and the trait\nversion of Keyword::parse. Instead, just explicitly use the trait\nversion, so that we don\u0027t need to specify it.\n\nDifferential Revision: https://phabricator.services.mozilla.com/D104328\n","fileTypesAndContributionMap":{"rs":{"insertions":14,"deletions":49}}},{"hash":"db03b2cf8eabb25e7c7e655329c750cbca7d74ec","messageTitle":"style: Normalize NaN to zero as a result of calc().","messageBody":"Differential Revision: https://phabricator.services.mozilla.com/D104563\n","fileTypesAndContributionMap":{"rs":{"insertions":25,"deletions":6}}},{"hash":"3a64fa200636dd13a2947be0665398aadc4dff40","messageTitle":"style: Normalize NaN in some other font-related lengths etc.","messageBody":"Depends on D104563\n\nDifferential Revision: https://phabricator.services.mozilla.com/D104565\n","fileTypesAndContributionMap":{"rs":{"insertions":2,"deletions":2}}},{"hash":"75d6be45f2584b4d38309d8ecd71225e7c4d7d89","messageTitle":"style: Make Linux tab bar use the darker of the highlight / highlighttext colors.","messageBody":"Some GTK themes use very soft colors for selection backgrounds, using\ndarker colors for the text. This makes the tab and focus outlines in the\ntab bar not have sufficient contrast with usual backgrounds.\n\nI needed to do this for bug 1690778, but it seems worth doing it on the\nfront-end as well.\n\nDifferential Revision: https://phabricator.services.mozilla.com/D104547\n","fileTypesAndContributionMap":{"rs":{"insertions":8,"deletions":0}}},{"hash":"4cb0a781d14c942bde404d669b1e8de20731122c","messageTitle":"style: Minor cleanup of our @page rule setup.","messageBody":"Actually, there\u0027s not so much we can improve right now, in the sense\nthat:\n\n * We need the ::-moz-page-content pseudo-element to be able to set\n `display` on the page, since that\u0027s a style rule rather than a @page\n rule. We could get away without it.\n\n * Keeping the current code-path (slightly cleaned up) is less code, for\n now at least. We can have a separate code-path or what not that\n actually performs the @page rule selector-matching and what not if\n needed when we get to named pages or other page selectors. Selectors\n like :first should be pretty trivial to implement, actually.\n\nWe make some paged mode anon boxes non-inheriting anon boxes. This\nallows us to share the styles and is generally nicer. They don\u0027t need to\ninherit from anywhere.\n\nWe could remove the origin handling and don\u0027t look at UA rules or what\nnot, but it seems pretty harmless to do that.\n\nWe also fix the name of the pseudo-elements to match the capitalization.\n\nDifferential Revision: https://phabricator.services.mozilla.com/D104772\n","fileTypesAndContributionMap":{"rs":{"insertions":20,"deletions":22}}},{"hash":"36e6c68c9f9a40b86d9a882f5c0bd8f59858c47e","messageTitle":"style: Rustfmt cascade.rs.","messageBody":"Differential Revision: https://phabricator.services.mozilla.com/D105186\n","fileTypesAndContributionMap":{"rs":{"insertions":75,"deletions":75}}},{"hash":"b0d05d1a5d88e2915081cc6a69d43883683851b8","messageTitle":"style: Cache substituted values from shorthand properties during the cascade.","messageBody":"This brings the time down to 1.6ms from 4.8ms on the test-case in the\nbug. This should be improvable too, but I think this is a nice\nimprovement for regular styling as well.\n\nDifferential Revision: https://phabricator.services.mozilla.com/D105187\n","fileTypesAndContributionMap":{"rs":{"insertions":96,"deletions":54}}},{"hash":"490db1e2bd071388ce781a6b07af706f90421ca1","messageTitle":"style: Reduce the amount of code generated by UnparsedValues::substitute_variables.","messageBody":"This reduces the amount of assembly instructions generated by this\nfunction from 18k+ to ~800.\n\nThis should make reasoning about its stack space usage sane, and should\nfix the ASAN stack overflows, but also we should take this regardless,\nbecause it\u0027s saner and makes reading it simpler.\n\nI also think that the writing_mode shenanigans is fixing a bug (I think\nbefore this, we\u0027d pick the first physical value which mapped to any of\nthe properties, which is wrong), but I haven\u0027t bothered looking for a\ntest-case that fails before my patch. The relevant WPTs\n(css/css-logical/animation*) still pass.\n\nDifferential Revision: https://phabricator.services.mozilla.com/D105342\n","fileTypesAndContributionMap":{"rs":{"insertions":57,"deletions":59}}},{"hash":"b90f5f099f0b882cf979287e2a3c66b214b60a4a","messageTitle":"style: Hide :-moz-submit-invalid behind a pref.","messageBody":"No other browser supports anything like this and we don\u0027t even have\ninternal users. Only uses of this I\u0027ve found on the wild were just\nresetting the box shadow internal styling we added in bug 582277 (and\nsince removed in bug 600151).\n\nDifferential Revision: https://phabricator.services.mozilla.com/D105955\n","fileTypesAndContributionMap":{"rs":{"insertions":3,"deletions":0}}},{"hash":"786b08a669a7b3f661e1f0b2a7db2ce4dfaa4a2a","messageTitle":"style: Increase custom property size limit a bit.","messageBody":"Differential Revision: https://phabricator.services.mozilla.com/D105978\n","fileTypesAndContributionMap":{"rs":{"insertions":3,"deletions":3}}},{"hash":"35b080e021f80ee2c0b343641ca8dbdca42834c0","messageTitle":"style: Implement :user-valid and :user-invalid.","messageBody":"And alias :-moz-ui-valid and :-moz-ui-invalid to them.\n\nThere are CSSWG resolutions for these for quite a while, and spec for\nuser-invalid.\n\nDifferential Revision: https://phabricator.services.mozilla.com/D105966\n","fileTypesAndContributionMap":{"rs":{"insertions":6,"deletions":4}}},{"hash":"a5cb6c69276a4b59b282a867734af042bf2a0e7d","messageTitle":"style: Remove prefers-contrast: forced as per CSSWG resolution.","messageBody":"Differential Revision: https://phabricator.services.mozilla.com/D106485\n","fileTypesAndContributionMap":{"rs":{"insertions":9,"deletions":31}}},{"hash":"c4ad61faa51eb12392ea7bd4877930fbdd271b71","messageTitle":"style: Don\u0027t allow to parse image-set(none).","messageBody":"`none` is not technically part of the `\u003cimage\u003e` syntax. Tests in following\npatches.\n\nDepends on D100698\n\nDifferential Revision: https://phabricator.services.mozilla.com/D100699\n","fileTypesAndContributionMap":{"rs":{"insertions":20,"deletions":11}}},{"hash":"80dae5bc599be3087c8fc32197bee3896091027e","messageTitle":"Rustfmt.","messageBody":"","fileTypesAndContributionMap":{"rs":{"insertions":145,"deletions":107}}},{"hash":"919ff06445f878bdfa2791e7cc99119a08d5637f","messageTitle":"style: Fix Gecko nightly warning.","messageBody":"","fileTypesAndContributionMap":{"rs":{"insertions":1,"deletions":1}}},{"hash":"9ce200a92492882082b4a5b8da05cdbe5ada2d37","messageTitle":"style: Implement :-moz-any() as an alias of :is().","messageBody":"This is strictly better and more flexible, but can change specificity so\nhave a pref in case it causes trouble. I doubt it will though, the\nspecificity rules of :is() make more sense, and my gut feeling is that\n:-moz-any is not very used on the wild.\n\nMake it early-beta-or-earlier for now to minimize risk, once this is on\nnightly for a bit we can enable it everywhere.\n\nDifferential Revision: https://phabricator.services.mozilla.com/D86696\n","fileTypesAndContributionMap":{"rs":{"insertions":9,"deletions":0}}},{"hash":"89c2e39dd984a2af51966e5c4de31b3356011ece","messageTitle":"style: Minor cleanup: Use shorthand initialization in selectors.","messageBody":"Differential Revision: https://phabricator.services.mozilla.com/D90049\n","fileTypesAndContributionMap":{"rs":{"insertions":15,"deletions":15}}},{"hash":"59805251392895c036ad950270db7b4a9c969c64","messageTitle":"style: Allow :is() and :where() to have better error recovery.","messageBody":"Adjust is-where-parsing.html to work with both the new and old behavior,\nand add a test for the new behavior.\n\nDepends on D90049\n\nDifferential Revision: https://phabricator.services.mozilla.com/D90050\n","fileTypesAndContributionMap":{"rs":{"insertions":46,"deletions":13}}},{"hash":"6728aad0c63a7003d5c789296a7025c7b949f493","messageTitle":"style: Fix selectors unit tests.","messageBody":"MANUAL PUSH: Fix BR bustage. CLOSED TREE\n","fileTypesAndContributionMap":{"rs":{"insertions":4,"deletions":0}}},{"hash":"7e6d70f3149ba917d8a972f8ee6a53c50fd1215f","messageTitle":"style: Allow :is() and :where() to have better error recovery.","messageBody":"Adjust is-where-parsing.html to work with both the new and old behavior,\nand add a test for the new behavior.\n\nDepends on D90049\n\nDifferential Revision: https://phabricator.services.mozilla.com/D90050\n","fileTypesAndContributionMap":{"rs":{"insertions":50,"deletions":13}}},{"hash":"191d5226a38ca926d1f27551431e00e8728f1825","messageTitle":"style: Implement complex :not().","messageBody":"This fixes the failures in bug 1671573 and just works thanks to the\ninvalidation improvements I did for :is / :where.\n\nAdded a couple tests for invalidation which is the tricky bit. 001 is a\nvery straight-forward test, 002 is the :is test but with :is() replaced\nby double-:not().\n\nThis also fixes default namespaces inside :is() / :where(), which are\nsupposed to get ignored, but aren\u0027t. Added tests for that and for the\npre-existing :not() behavior which Chrome doesn\u0027t quite get right.\n\nDifferential Revision: https://phabricator.services.mozilla.com/D94142\n","fileTypesAndContributionMap":{"rs":{"insertions":107,"deletions":167}}},{"hash":"484cf5771b372d611368652e3e25e25aa52dfb2e","messageTitle":"style: Avoid some allocations in selector serialization.","messageBody":"The allocations in display_to_css_identifier show up in the profiles of\nbug 1675628.\n\nDifferential Revision: https://phabricator.services.mozilla.com/D97856\n","fileTypesAndContributionMap":{"rs":{"insertions":51,"deletions":53}}},{"hash":"5158f658104c1edbb87a94958c4ab424d3b854b4","messageTitle":"Revert euclid update.","messageBody":"","fileTypesAndContributionMap":{"rs":{"insertions":30,"deletions":27}}},{"hash":"31e8e418ea888b3366128ba42a9c771780f97e87","messageTitle":"Miscellaneous build / tidy fixes.","messageBody":"","fileTypesAndContributionMap":{"rs":{"insertions":549,"deletions":278}}}]},{"date":"2021-02-27","commitResults":[{"hash":"aa4d2b0b0dbb9a2163ce019137579bd815fa98f2","messageTitle":"selectors: Cherry-pick some fixes that got lost.","messageBody":"","fileTypesAndContributionMap":{"rs":{"insertions":2,"deletions":25}}},{"hash":"fd51cddf9677563a5754ec757ab880ddb7c9890e","messageTitle":"Keep not parsing conic gradient, update WPT expectations.","messageBody":"","fileTypesAndContributionMap":{"rs":{"insertions":1,"deletions":1}}}]}],"Cameron McCormack":[{"date":"2021-02-26","commitResults":[{"hash":"87612b65c57f0e8b7d39db8c21d138e60a350840","messageTitle":"style: Remove unused StyleAppearance values.","messageBody":"The parsing of these values was disabled in bug 1554150.\n\nDifferential Revision: https://phabricator.services.mozilla.com/D82122\n","fileTypesAndContributionMap":{"rs":{"insertions":0,"deletions":13}}},{"hash":"1f9d6ad5ef80d3dc743c691c8c42d2f1f2669e51","messageTitle":"style: Remove unused function on Appearance.","messageBody":"Differential Revision: https://phabricator.services.mozilla.com/D82124\n","fileTypesAndContributionMap":{"rs":{"insertions":0,"deletions":8}}},{"hash":"01efe3a45988b6918d13b1899678d86910abe64e","messageTitle":"style: Add unprefixed appearance property and make -moz-appearance and -webkit-appearance be aliases.","messageBody":"Differential Revision: https://phabricator.services.mozilla.com/D83428\n","fileTypesAndContributionMap":{"rs":{"insertions":12,"deletions":10}}},{"hash":"7ae2f8602e10a9eb47a1ed5690e06345f4ab4e68","messageTitle":"style: Defer to -moz-default-appearance when appearance is auto.","messageBody":"Differential Revision: https://phabricator.services.mozilla.com/D83429\n","fileTypesAndContributionMap":{"rs":{"insertions":7,"deletions":1}}},{"hash":"845766620494d3c9351161c53323429bfb527e5d","messageTitle":"style: Change internal uses of -moz-appearance to appearance and -moz-default-appearance.","messageBody":"Uses of `-moz-appearance: none` are changed to `appearance: none`.\n\nUses of other values that are simply reverting the appearance back to\nits default are changed to `appearance: auto`.\n\nUses of values in UA sheets that are defining the inherent appearance of\nwidgets are changed to:\n\n  appearance: auto;\n  -moz-default-appearance: \u003cvalue\u003e;\n\nsince those values are either no longer supported on (-moz-)appearance,\nor are still supported but only in some limited form.\n\nThere are some uses of `-moz-appearance: textfield` on \u003cinput\ntype\u003dnumber\u003e elements that are renamed to `appearance: textfield`.\n\nDifferential Revision: https://phabricator.services.mozilla.com/D83430\n","fileTypesAndContributionMap":{"rs":{"insertions":1,"deletions":1}}},{"hash":"21b6c69322d7196b580a21a5351f5df6d8b7ac25","messageTitle":"style: Remove appearance values not used by the browser or Web content.","messageBody":"Differential Revision: https://phabricator.services.mozilla.com/D83431\n","fileTypesAndContributionMap":{"rs":{"insertions":0,"deletions":15}}},{"hash":"ab3791234ec98f948633f814b204c2e0a8423d9e","messageTitle":"style: Mark appearance values that are only used internally as chrome-only.","messageBody":"Differential Revision: https://phabricator.services.mozilla.com/D83432\n","fileTypesAndContributionMap":{"rs":{"insertions":4,"deletions":0}}},{"hash":"f03883774b005722ec7014f26beb300473c27e51","messageTitle":"style: Avoid exposing `appearance: range-thumb` to content.","messageBody":"Differential Revision: https://phabricator.services.mozilla.com/D83433\n","fileTypesAndContributionMap":{"rs":{"insertions":2,"deletions":1}}},{"hash":"862b7d124902b3054805b90146c0bbd701e124d7","messageTitle":"style: Make `appearance: button` behave like auto on various elements.","messageBody":"Differential Revision: https://phabricator.services.mozilla.com/D83434\n","fileTypesAndContributionMap":{"rs":{"insertions":48,"deletions":4}}},{"hash":"da503c4b48263d063b0225e02e6a8cfb9b10d19b","messageTitle":"style: Re-order Appearance values.","messageBody":"Differential Revision: https://phabricator.services.mozilla.com/D83437\n","fileTypesAndContributionMap":{"rs":{"insertions":23,"deletions":23}}},{"hash":"a2b016157e645bffa5654e706c4247bebe681e4e","messageTitle":"style: Hide range and number-input appearance values from content.","messageBody":"Forgot to follow up on these two remaining non-standard values that may have\nbeen being used to reset a \u003cmeter\u003e or \u003cinput type\u003dnumber\u003e back to its\noriginal appearance, but which telemetry showed no usage of.\n\nDifferential Revision: https://phabricator.services.mozilla.com/D83598\n","fileTypesAndContributionMap":{"rs":{"insertions":2,"deletions":0}}},{"hash":"5752e4a3a2b161104f2da8423b2d74fae903f94a","messageTitle":"style: Don\u0027t use attribute selectors for determining if a select is a drop down or a list box.","messageBody":"Instead add a pseudo-class that does the expected size\u003d\"\" attribute parsing.\n\nRemoving the Gtk-specific rule setting the text color since it doesn\u0027t\nseem to have any effect currently.\n\nDifferential Revision: https://phabricator.services.mozilla.com/D83448\n","fileTypesAndContributionMap":{"rs":{"insertions":19,"deletions":0}}},{"hash":"a1fa0c610f29a24e38e13af13b4381dfcfb0d21a","messageTitle":"style: Use LookAndFeelCache to pass Gtk theme-derived scrollbar colors to content processes.","messageBody":"Differential Revision: https://phabricator.services.mozilla.com/D93467\n","fileTypesAndContributionMap":{"rs":{"insertions":10,"deletions":0}}},{"hash":"a497b033dcfe5210e36aa360a60834ad6af8e434","messageTitle":"style: Use separate Scrollbar and ThemedScrollbar ColorIDs.","messageBody":"Otherwise on Windows, we have a ColorID::Scrollbar but not any of the other scrollbar part\ncolors, and the Windows-provided value for Scrollbar doesn\u0027t work well\nwith the default values for the other scrollbar parts that come from the\nnon-native theme.\n\nDifferential Revision: https://phabricator.services.mozilla.com/D93728\n","fileTypesAndContributionMap":{"rs":{"insertions":7,"deletions":5}}}]}],"Tyler Wilcock":[{"date":"2020-11-23","commitResults":[{"hash":"61c5ab8f697726355e0c874fa6b35b641c0d0679","messageTitle":"Replace generic \u0027value\u0027 variable name with \u0027id\u0027 and \u0027name\u0027 to reduce confusion","messageBody":"","fileTypesAndContributionMap":{"rs":{"insertions":5,"deletions":5}}}]}],"Sean Feng":[{"date":"2021-02-26","commitResults":[{"hash":"cf496e47277b250938249549de876e19bc03d202","messageTitle":"style: Make the document blocked by the topmost element in the top layer.","messageBody":"Spec: https://html.spec.whatwg.org/multipage/#blocked-by-a-modal-dialog\n\nDepends on D86392\n\nDifferential Revision: https://phabricator.services.mozilla.com/D86227\n","fileTypesAndContributionMap":{"rs":{"insertions":7,"deletions":0}}}]}],"Soveu":[],"Arjun Ramachandrula":[],"teymour-aldridge":[{"date":"2020-12-28","commitResults":[{"hash":"1f38e3411d76c5ad89a51d8b3c631bcf94aa1b21","messageTitle":"Fix num_threads to avoid divide by zero error when running without a thread pool","messageBody":"Signed-off-by: teymour-aldridge \u003cteymour.aldridge@icloud.com\u003e\n","fileTypesAndContributionMap":{"rs":{"insertions":8,"deletions":4}}}]},{"date":"2021-02-05","commitResults":[{"hash":"0854953e3556723202a2d622eddc5d08ee46aaf0","messageTitle":"Mark methods as unsafe.","messageBody":"","fileTypesAndContributionMap":{"rs":{"insertions":4,"deletions":4}}},{"hash":"466e895cdfc0cf909f49db8e4d2eb4958ad0101d","messageTitle":"Fix errors","messageBody":"","fileTypesAndContributionMap":{"rs":{"insertions":36,"deletions":28}}},{"hash":"ff767b13a93c0ca50fbe7e029ef57f0fee960a8d","messageTitle":"Remove unused arguments from methods.","messageBody":"","fileTypesAndContributionMap":{"rs":{"insertions":13,"deletions":31}}},{"hash":"217147b2e41b9e15e04fb2935882a478c616bd82","messageTitle":"fmt","messageBody":"","fileTypesAndContributionMap":{"rs":{"insertions":6,"deletions":19}}}]}],"Nicolas Silva":[{"date":"2021-02-26","commitResults":[{"hash":"1f36216b59023590f9cc8dd714e1feb76d331d81","messageTitle":"style: Update euclid in stylo.","messageBody":"Differential Revision: https://phabricator.services.mozilla.com/D85762\n","fileTypesAndContributionMap":{"rs":{"insertions":27,"deletions":28}}}]}],"Alexander Surkov":[{"date":"2021-02-26","commitResults":[{"hash":"32f92d18a8d022417eacbc79066538f4c9b8c957","messageTitle":"style: implement -moz-inert CSS property.","messageBody":"-moz-inert CSS property reflects inert subtrees concept and can be used to implement HTML:dialog element and HTML:inert attribute\n\nDifferential Revision: https://phabricator.services.mozilla.com/D81701\n","fileTypesAndContributionMap":{"rs":{"insertions":69,"deletions":0}}}]}],"Sunita Sen":[{"date":"2021-02-26","commitResults":[{"hash":"85b45cd615b650bfc1d74fd4f764dc09bb48f7ae","messageTitle":"style: Add support for touch-action:pinch-zoom - Rewrite to_css and parse for touchAction","messageBody":"Differential Revision: https://phabricator.services.mozilla.com/D97650\n","fileTypesAndContributionMap":{"rs":{"insertions":53,"deletions":28}}},{"hash":"9f20a24e4cac49dc3f5346bb065b43fa6ea9a513","messageTitle":"style: Add support for touch-action:pinch-zoom - Add pinch-zoom support to touchAction.","messageBody":"Differential Revision: https://phabricator.services.mozilla.com/D97815\n","fileTypesAndContributionMap":{"rs":{"insertions":6,"deletions":2}}}]}],"Simon Schmeisser":[],"Philipp Zech":[{"date":"2021-02-26","commitResults":[{"hash":"cd8c07abac9b47c878af29ae4009bec51727a09a","messageTitle":"style: Convert writing-modes #defines to an enum class.","messageBody":"Differential Revision: https://phabricator.services.mozilla.com/D84016\n","fileTypesAndContributionMap":{"rs":{"insertions":1,"deletions":0}}}]}],"Sylvestre Ledru":[{"date":"2021-02-26","commitResults":[{"hash":"a95ce7955419ba580f00cccdc5450715c0749c2b","messageTitle":"style: Fix clippy warnings","messageBody":"Depends on D96634\n\nDifferential Revision: https://phabricator.services.mozilla.com/D96636\n","fileTypesAndContributionMap":{"rs":{"insertions":13,"deletions":16}}},{"hash":"3bcde6fd91e3d60e0df5bef8105bded7ef9e48ed","messageTitle":"style: Fix clippy warnings","messageBody":"Depends on D96634\n\nDifferential Revision: https://phabricator.services.mozilla.com/D96636\n","fileTypesAndContributionMap":{"rs":{"insertions":1,"deletions":1}}}]}],"delosrogers":[{"date":"2021-03-07","commitResults":[{"hash":"b1d72f65eedb6f27028d2162796093ecf674817a","messageTitle":"Use swap() instead of load()/store() in get_and_reset_text_shaping_performance_counter()","messageBody":"Signed-off-by: Mattias de los Rios Rogers \u003cdelosrogers@gmail.com\u003e\n","fileTypesAndContributionMap":{"rs":{"insertions":1,"deletions":2}}},{"hash":"4ebbec0bb501ce0d8ef78e5c06ab59ffa09b72fc","messageTitle":"Add space between parameters","messageBody":"Signed-off-by: Mattias de los Rios Rogers \u003cdelosrogers@gmail.com\u003e\n","fileTypesAndContributionMap":{"rs":{"insertions":1,"deletions":1}}}]}],"Michael Mc Donnell":[{"date":"2021-02-16","commitResults":[{"hash":"304fe775b3c0421e52f148e3b5923188c7f3e101","messageTitle":"Extract crash handler","messageBody":"Moved the crash handler code into its own file since it is a distinct concept.  It\nsimplifies the main method a little.\n","fileTypesAndContributionMap":{"rs":{"insertions":39,"deletions":34}}}]}],"Philip Lamb":[{"date":"2020-12-16","commitResults":[{"hash":"1471a6dc80672a3b8feb68c0a012cb7544dc8fa9","messageTitle":"Replace use of c++ keyword \u0027default\u0027 in c++ code and C APIs. Also correct obsolete use of qualified name in member declaration.","messageBody":"","fileTypesAndContributionMap":{"rs":{"insertions":1,"deletions":1}}},{"hash":"6125057c0424acca0f407d1e5c63b236b39b809a","messageTitle":"formatting.","messageBody":"","fileTypesAndContributionMap":{"rs":{"insertions":2,"deletions":5}}}]}],"Kagami Sascha Rosylight":[],"Zeke Medley":[{"date":"2021-02-26","commitResults":[{"hash":"8ff565c86bd278c2f92819ad1217f55fcb6fd5b5","messageTitle":"style: Implement the prefers-contrast media-query.","messageBody":"Differential Revision: https://phabricator.services.mozilla.com/D79553\n","fileTypesAndContributionMap":{"rs":{"insertions":71,"deletions":4}}},{"hash":"8f89ebffec5fbd85979a9078b93b4a1da5efe47b","messageTitle":"style: Add parsing for cross-fade from CSS Image Values and Replaced Content Module Level 4.","messageBody":"This is the first of what will likely be a couple patches for\ncross-fade\u0027s implementation. Bug 546052 tracks it\u0027s complete\nimplementation.\n\nDifferential Revision: https://phabricator.services.mozilla.com/D81889\n","fileTypesAndContributionMap":{"rs":{"insertions":204,"deletions":5}}},{"hash":"25de2a406eaecf991e803d4728367055ed55105d","messageTitle":"style: Update the prefers-contrast media query to use the new more/less keywords.","messageBody":"Per the resolution here:\nhttps://github.com/w3c/csswg-drafts/issues/2943#issuecomment-672994920\n\nDifferential Revision: https://phabricator.services.mozilla.com/D86848\n","fileTypesAndContributionMap":{"rs":{"insertions":8,"deletions":9}}},{"hash":"9fd3d9a5e96bb841a9c75e80df240530d31d5525","messageTitle":"style: Support forced colors media feature.","messageBody":"Enabled behind layout.css.forced-colors.enabled pending finalization\nof the spec:\n\n\u003chttps://drafts.csswg.org/mediaqueries-5/#forced-colors\u003e\n\nDifferential Revision: https://phabricator.services.mozilla.com/D87147\n","fileTypesAndContributionMap":{"rs":{"insertions":30,"deletions":1}}}]}],"Markus Stange":[{"date":"2021-02-26","commitResults":[{"hash":"d246b9e4c36669c4b337cc2abe7d94987b413f8f","messageTitle":"style: Remove \"scrollbar-small\" -moz-default-appearance value and replace its single use with scrollbar-width: thin.","messageBody":"Differential Revision: https://phabricator.services.mozilla.com/D94673\n","fileTypesAndContributionMap":{"rs":{"insertions":0,"deletions":3}}},{"hash":"e2545ee95d55966a189d474e06a8cf074ae997e9","messageTitle":"style: Use the -moz-default-appearance values \"scrollbar-horizontal\" and \"scrollbar-vertical\" on macOS and remove the now-unused value \"scrollbar\".","messageBody":"Other platforms were already converted to scrollbar-horizontal and scrollbar-vertical in bug 1205643.\n\nDifferential Revision: https://phabricator.services.mozilla.com/D94674\n","fileTypesAndContributionMap":{"rs":{"insertions":0,"deletions":3}}},{"hash":"1e815ab3c34e4cc5580f69e1db6df06d6e9a618c","messageTitle":"style: Replace obsolete -moz-mac-yosemite-theme media query with a new -moz-mac-big-sur-theme media query.","messageBody":"Differential Revision: https://phabricator.services.mozilla.com/D97089\n","fileTypesAndContributionMap":{"rs":{"insertions":1,"deletions":1}}},{"hash":"e6aaafdda596290d809d34ea6b30dfca3bb146e2","messageTitle":"style: Remove -moz-mac-fullscreen-button value.","messageBody":"Depends on D105379\n\nDifferential Revision: https://phabricator.services.mozilla.com/D105380\n","fileTypesAndContributionMap":{"rs":{"insertions":0,"deletions":3}}}]}],"Emily McDonough":[{"date":"2021-02-26","commitResults":[{"hash":"eb257a4dc3458483614423d65b1c28ce43c0b56a","messageTitle":"style: Separate out some of the declaration precedence components from @viewport rules","messageBody":"Differential Revision: https://phabricator.services.mozilla.com/D97817\n","fileTypesAndContributionMap":{"rs":{"insertions":73,"deletions":57}}},{"hash":"96c08d78cf24ccd50c2a2837b43e1724155c1f0f","messageTitle":"style: Add page-size parsing to Servo","messageBody":"Differential Revision: https://phabricator.services.mozilla.com/D102360\n","fileTypesAndContributionMap":{"rs":{"insertions":183,"deletions":0}}},{"hash":"1b18b06186a5a69c5f7cbbfade1cdc61a23a7ebc","messageTitle":"style: Switch properties to use a bitfield to determine validity in rules.","messageBody":"This doesn\u0027t use a full bitmap for every single rule type, as we only expect\nthat keyframe, page, and style rules will be checked.\n\nDifferential Revision: https://phabricator.services.mozilla.com/D104949\n","fileTypesAndContributionMap":{"rs":{"insertions":21,"deletions":23}}},{"hash":"4dc475d3a1c247464251f73b0537af2bf27f5dc0","messageTitle":"style: Rename alias to aliases in Longhand and Shorthand","messageBody":"Differential Revision: https://phabricator.services.mozilla.com/D105810\n","fileTypesAndContributionMap":{"rs":{"insertions":21,"deletions":21}}}]}],"Jeremy Ir":[{"date":"2021-02-26","commitResults":[{"hash":"9bfcb3d74164f1b0a65c5d3c3c36810f54574c4b","messageTitle":"style: Rename overflow:-moz-hidden-unscrollable to overflow:clip.","messageBody":"Differential Revision: https://phabricator.services.mozilla.com/D73716\n","fileTypesAndContributionMap":{"rs":{"insertions":24,"deletions":4}}}]}],"王滋涵 Zephyr Wang":[],"David Parks":[{"date":"2021-02-26","commitResults":[{"hash":"178e627500b8050b4ca574d4dd3d9233b142791d","messageTitle":"style: Replace plugin behavior with a basic fallback","messageBody":"The browser currently only enables plugin behavior for Flash and our internal test plugins.  This patch replaces support for those plugins with a simple fallback that shows a transparent region where the plugin would have been.  It removes the file system search(es) for the plugin dynamic libraries and short-circuits the logic to determine if plugins should do something special -- all implementations now behave the same in the presence of plugin elements.\n\nThe new behavior is:\n1. If the \u003cobject\u003e or \u003cembed\u003e element lists a type of something other than \"x-shockwave-flash\" or \"x-test\" then the behavior is unchanged.  This means that non-plugin types behave properly and unknown types (for example, typos) are also unaffected (they reduce to 0x0 elements).\n2. If the \u003cobject\u003e element has an HTML fallback in the DOM (see spec for \u003cobject\u003e elements) then the fallback is always shown.\n3. Otherwise, the element is shown as a transparent region with the size specified in attributes.\n\nDifferential Revision: https://phabricator.services.mozilla.com/D95902\n","fileTypesAndContributionMap":{"rs":{"insertions":5,"deletions":0}}}]}],"Mats Palmgren":[{"date":"2021-02-26","commitResults":[{"hash":"5382a99adb00a77e8b25fc246b3213616a471f79","messageTitle":"style: [css-grid] Make empty and all-whitespace strings in \u0027grid-template-areas\u0027 invalid.","messageBody":"Differential Revision: https://phabricator.services.mozilla.com/D84398\n","fileTypesAndContributionMap":{"rs":{"insertions":5,"deletions":0}}},{"hash":"b29824bf750625aa0c7b8279bbc9f2ce3ce49867","messageTitle":"style: Implement overflow:clip/visible combinations.","messageBody":"Differential Revision: https://phabricator.services.mozilla.com/D73717\n","fileTypesAndContributionMap":{"rs":{"insertions":11,"deletions":37}}},{"hash":"1927a676fd655081f343add831e3acc98eaf87b4","messageTitle":"Bug 1687239 part 3 - Remove the PluginProblem UA Widget and related CSS pseudos.","messageBody":"Differential Revision: https://phabricator.services.mozilla.com/D102901\n","fileTypesAndContributionMap":{"rs":{"insertions":0,"deletions":3}}},{"hash":"84cabf24163d55b73c1c1096f022812a6455de03","messageTitle":"style: Support Grid/Flex/Table/Column layout for the rendered legend of a fieldset.","messageBody":"Differential Revision: https://phabricator.services.mozilla.com/D101555\n","fileTypesAndContributionMap":{"rs":{"insertions":6,"deletions":0}}}]}],"Simon Sapin":[{"date":"2021-01-26","commitResults":[{"hash":"173123a768528a06a133db9c73e5bb388c13dbf6","messageTitle":"Upgrade to rustc 1.48.0-nightly (623fb90b5 2020-09-26)","messageBody":"","fileTypesAndContributionMap":{"rs":{"insertions":20,"deletions":16}}}]},{"date":"2021-02-25","commitResults":[{"hash":"a0d9f97c8e5fbe91f4f10058cfae1bc78d88fc98","messageTitle":"Fix warnings introduced in newer Rust Nightly","messageBody":"This does not (yet) upgrade ./rust-toolchain\n\nThe warnings:\n\n* dead_code \"field is never read\"\n* redundant_semicolons \"unnecessary trailing semicolon\"\n* non_fmt_panic \"panic message is not a string literal, this is no longer accepted in Rust 2021\"\n* unstable_name_collisions \"a method with this name may be added to the standard library in the future\"\n* legacy_derive_helpers \"derive helper attribute is used before it is introduced\" https://github.com/rust-lang/rust/issues/79202\n","fileTypesAndContributionMap":{"rs":{"insertions":75,"deletions":116}}},{"hash":"2dd3c05479b2c1bdb3a19880b211ee82cbc0fd78","messageTitle":"Manually reformat ports/winit/**/*.rs","messageBody":"`cargo fmt` misses these files, possibly because of `include!` or `#[cfg]` in `main.rs`. This commit runs `rustfmt` directly.\n","fileTypesAndContributionMap":{"rs":{"insertions":245,"deletions":208}}},{"hash":"479a42a980e77ffc17559fd0e2a86fb4b6f3d6e8","messageTitle":"Reformat with rustfmt 1.4.36-nightly (7de6968 2021-02-07)","messageBody":"","fileTypesAndContributionMap":{"rs":{"insertions":31,"deletions":14}}},{"hash":"aa854ec2d27a9705fdd5c759bab80a9882fe4f45","messageTitle":"Upgrade to rustc 1.52.0-nightly (a8486b64b 2021-02-24)","messageBody":"","fileTypesAndContributionMap":{"rs":{"insertions":2,"deletions":1}}}]}],"Kartik Gautam":[{"date":"2021-02-26","commitResults":[{"hash":"54f5b24c69cb1834cd575c4ba1a216b8bf59a2bb","messageTitle":"style: Remove trailing empty lines","messageBody":"Differential Revision: https://phabricator.services.mozilla.com/D99595\n","fileTypesAndContributionMap":{"rs":{"insertions":0,"deletions":1}}}]}],"zood":[{"date":"2020-11-07","commitResults":[{"hash":"7119eb7471e4850f8a69ed2973216256aad38707","messageTitle":"First call to eglMakeCurrent with no draw or read surface leads to black window on Nvidia/X11. This change ensures first call to eglMakeCurrent made with non-null surfaces.","messageBody":"","fileTypesAndContributionMap":{"rs":{"insertions":3,"deletions":0}}}]}],"longsonr":[{"date":"2021-02-26","commitResults":[{"hash":"eec92977f7f710e231cd003c284755f3ebf32035","messageTitle":"style: remove svg.transform-box.enabled pref","messageBody":"It\u0027s been default true since Firefox 55 via bug 1208550\n\nDifferential Revision: https://phabricator.services.mozilla.com/D102093\n","fileTypesAndContributionMap":{"rs":{"insertions":0,"deletions":1}}}]}],"Alex Touchet":[],"Ricky Stewart":[],"Paulo E. Castro":[{"date":"2021-03-06","commitResults":[{"hash":"2aa4778f8677840c51322b4c3c7c2f4d48589f9f","messageTitle":"Correct format.","messageBody":"","fileTypesAndContributionMap":{"rs":{"insertions":1,"deletions":1}}}]},{"date":"2021-03-11","commitResults":[{"hash":"84b06ab6d1e8b7931779e2ce3e12411d9b1e2b06","messageTitle":"Work around absense of winit::event_loop in headless case.","messageBody":"","fileTypesAndContributionMap":{"rs":{"insertions":8,"deletions":4}}}]}],"Shinichi Morimoto":[{"date":"2021-02-26","commitResults":[{"hash":"5d5d4f4429d837f8a6ae664ba7891e37e8a4fe31","messageTitle":"style: Remove layout.css.offset-logical-properties.enabled.","messageBody":"Differential Revision: https://phabricator.services.mozilla.com/D87297\n","fileTypesAndContributionMap":{"rs":{"insertions":0,"deletions":1}}}]}],"Andreu Botella":[{"date":"2020-12-31","commitResults":[{"hash":"cd34f156f6355faf97c95bfbaedc66c35b3a1759","messageTitle":"Fix `document.characterSet` not reflecting byte order marks.","messageBody":"The process of decoding the network byte stream to Unicode is backed by\nan instance of `encoding_rs::Decoder`, which will switch the encoding it\nuses if it finds a BOM in the byte stream. However, this change in\nencoding is not communicated back to the caller and so\n`document.characterSet` gives the wrong result. This change fixes that.\n\nSee whatwg/html#5359 and whatwg/encoding#203 for the spec-level backing\nfor this change.\n\nSigned-off-by: Andreu Botella \u003cabb@randomunok.com\u003e\n","fileTypesAndContributionMap":{"rs":{"insertions":64,"deletions":12}}}]},{"date":"2021-01-09","commitResults":[{"hash":"d2b9e64cf3d7c2cdc036b8ae34540ab9ce54121d","messageTitle":"Clean up the code to BOM sniff.","messageBody":"See https://github.com/servo/servo/pull/28006#discussion_r551968553\n","fileTypesAndContributionMap":{"rs":{"insertions":5,"deletions":15}}}]}],"YUAN LYU":[{"date":"2020-12-01","commitResults":[{"hash":"a999850b24bf731522b739e25fd5d62122537aa1","messageTitle":"Implement referrerPolicy for HTMLLinkElement and HTMLScriptElement","messageBody":"","fileTypesAndContributionMap":{"rs":{"insertions":46,"deletions":5}}}]},{"date":"2020-12-06","commitResults":[{"hash":"e15bc7516c215b838e5c5c4a068b29208dae75a2","messageTitle":"Fix mouse button handling","messageBody":"","fileTypesAndContributionMap":{"rs":{"insertions":16,"deletions":6}}}]}]},"authorFileTypeContributionMap":{"atouchet":{"rs":0},"Mihai Alexandru Michis":{"rs":0},"sagu":{"rs":0},"Lunush":{"rs":0},"sagudev":{"rs":20},"bors-servo":{"rs":0},"Masatoshi Kimura":{"rs":0},"Tim Nguyen":{"rs":4},"Fernando Jiménez Moreno":{"rs":0},"Alan Jeffrey":{"rs":0},"Frederic Wang":{"rs":23},"Brian Birtles":{"rs":0},"Jonathan Kingston":{"rs":131},"Vincent Ricard":{"rs":295},"WPT Sync Bot":{"rs":392},"Sean Joseph":{"rs":28},"Pierre TALLOTTE":{"rs":8},"tobar2018":{"rs":0},"Josh Matthews":{"rs":473},"dependabot-preview[bot]":{"rs":0},"Boris Chiou":{"rs":226},"Emilio Cobos Álvarez":{"rs":1828},"Cameron McCormack":{"rs":12},"Tyler Wilcock":{"rs":5},"Sean Feng":{"rs":0},"Soveu":{"rs":0},"Arjun Ramachandrula":{"rs":0},"teymour-aldridge":{"rs":33},"Nicolas Silva":{"rs":0},"Alexander Surkov":{"rs":0},"Sunita Sen":{"rs":55},"Simon Schmeisser":{"rs":0},"Philipp Zech":{"rs":0},"Sylvestre Ledru":{"rs":11},"delosrogers":{"rs":1},"Michael Mc Donnell":{"rs":38},"Philip Lamb":{"rs":2},"Kagami Sascha Rosylight":{"rs":0},"Zeke Medley":{"rs":0},"Markus Stange":{"rs":1},"Emily McDonough":{"rs":295},"Jeremy Ir":{"rs":0},"王滋涵 Zephyr Wang":{"rs":0},"David Parks":{"rs":2},"Mats Palmgren":{"rs":6},"Simon Sapin":{"rs":224},"Kartik Gautam":{"rs":0},"zood":{"rs":3},"longsonr":{"rs":0},"Alex Touchet":{"rs":0},"Ricky Stewart":{"rs":0},"Paulo E. Castro":{"rs":9},"Shinichi Morimoto":{"rs":0},"Andreu Botella":{"rs":52},"YUAN LYU":{"rs":59}},"authorContributionVariance":{"atouchet":0.0,"Mihai Alexandru Michis":26.404966,"sagu":0.0,"Lunush":0.0,"sagudev":13.817164,"bors-servo":0.0,"Masatoshi Kimura":7.2056265,"Tim Nguyen":8.493817,"Fernando Jiménez Moreno":0.0,"Alan Jeffrey":0.0,"Frederic Wang":87.54991,"Brian Birtles":0.02352858,"Jonathan Kingston":108.79674,"Vincent Ricard":427.54083,"WPT Sync Bot":0.0,"Sean Joseph":7.2056026,"Pierre TALLOTTE":0.7117395,"tobar2018":4.288084,"Josh Matthews":2571.5842,"dependabot-preview[bot]":0.0,"Boris Chiou":822.7706,"Emilio Cobos Álvarez":161072.77,"Cameron McCormack":274.43738,"Tyler Wilcock":0.58821505,"Sean Feng":0.2882253,"Soveu":0.0,"Arjun Ramachandrula":0.0,"teymour-aldridge":117.67167,"Nicolas Silva":17.793499,"Alexander Surkov":28.004879,"Sunita Sen":46.592487,"Simon Schmeisser":0.0,"Philipp Zech":0.005882145,"Sylvestre Ledru":5.652742,"delosrogers":0.14705367,"Michael Mc Donnell":31.345951,"Philip Lamb":0.476455,"Kagami Sascha Rosylight":0.0,"Zeke Medley":648.35376,"Markus Stange":0.7117395,"Emily McDonough":936.444,"Jeremy Ir":4.6116047,"王滋涵 Zephyr Wang":0.0,"David Parks":0.14705369,"Mats Palmgren":22.610968,"Simon Sapin":2822.628,"Kartik Gautam":0.005882145,"zood":0.05293902,"longsonr":0.005882145,"Alex Touchet":0.0,"Ricky Stewart":0.0,"Paulo E. Castro":0.86887723,"Shinichi Morimoto":0.005882145,"Andreu Botella":36.221733,"YUAN LYU":18.067818},"authorDisplayNameMap":{"atouchet":"atouchet","Mihai Alexandru Michis":"Mihai Alexandru Michis","sagu":"sagu","Lunush":"Lunush","sagudev":"sagudev","bors-servo":"bors-servo","Masatoshi Kimura":"Masatoshi Kimura","Tim Nguyen":"Tim Nguyen","Fernando Jiménez Moreno":"Fernando Jiménez Moreno","Alan Jeffrey":"Alan Jeffrey","Frederic Wang":"Frederic Wang","Brian Birtles":"Brian Birtles","Jonathan Kingston":"Jonathan Kingston","Vincent Ricard":"Vincent Ricard","WPT Sync Bot":"WPT Sync Bot","Sean Joseph":"Sean Joseph","Pierre TALLOTTE":"Pierre TALLOTTE","tobar2018":"tobar2018","Josh Matthews":"Josh Matthews","dependabot-preview[bot]":"dependabot-preview[bot]","Boris Chiou":"Boris Chiou","Emilio Cobos Álvarez":"Emilio Cobos Álvarez","Cameron McCormack":"Cameron McCormack","Tyler Wilcock":"Tyler Wilcock","Sean Feng":"Sean Feng","Soveu":"Soveu","Arjun Ramachandrula":"Arjun Ramachandrula","teymour-aldridge":"teymour-aldridge","Nicolas Silva":"Nicolas Silva","Alexander Surkov":"Alexander Surkov","Sunita Sen":"Sunita Sen","Simon Schmeisser":"Simon Schmeisser","Philipp Zech":"Philipp Zech","Sylvestre Ledru":"Sylvestre Ledru","delosrogers":"delosrogers","Michael Mc Donnell":"Michael Mc Donnell","Philip Lamb":"Philip Lamb","Kagami Sascha Rosylight":"Kagami Sascha Rosylight","Zeke Medley":"Zeke Medley","Markus Stange":"Markus Stange","Emily McDonough":"Emily McDonough","Jeremy Ir":"Jeremy Ir","王滋涵 Zephyr Wang":"王滋涵 Zephyr Wang","David Parks":"David Parks","Mats Palmgren":"Mats Palmgren","Simon Sapin":"Simon Sapin","Kartik Gautam":"Kartik Gautam","zood":"zood","longsonr":"longsonr","Alex Touchet":"Alex Touchet","Ricky Stewart":"Ricky Stewart","Paulo E. Castro":"Paulo E. Castro","Shinichi Morimoto":"Shinichi Morimoto","Andreu Botella":"Andreu Botella","YUAN LYU":"YUAN LYU"}}
