{"authorDailyContributionsMap":{"Zhilin-Huang":[],"sliu107":[],"quinnyyy":[],"g-lilian":[]},"authorFileTypeContributionMap":{"Zhilin-Huang":{"docs":0,"functional-code":0,"test-code":0},"sliu107":{"docs":0,"functional-code":0,"test-code":0},"quinnyyy":{"docs":0,"functional-code":0,"test-code":0},"g-lilian":{"docs":0,"functional-code":0,"test-code":0}},"authorContributionVariance":{"Zhilin-Huang":0.0,"sliu107":0.0,"quinnyyy":0.0,"g-lilian":0.0},"authorDisplayNameMap":{"Zhilin-Huang":"CS2113-T14-1 HUAN..ILIN","sliu107":"CS2113-T14-1 LIU ..IYUE","quinnyyy":"CS2113-T14-1 MEUR..TARO","g-lilian":"CS2113-T14-1 GUO ..LIAN"}}
