{"authorDailyContributionsMap":{"matthewc97":[],"lowxizhi":[],"synCKun":[],"MeLoveCarbs":[]},"authorFileTypeContributionMap":{"matthewc97":{"docs":0,"functional-code":0,"test-code":0},"lowxizhi":{"docs":0,"functional-code":0,"test-code":0},"synCKun":{"docs":0,"functional-code":0,"test-code":0},"MeLoveCarbs":{"docs":0,"functional-code":0,"test-code":0}},"authorContributionVariance":{"matthewc97":0.0,"lowxizhi":0.0,"synCKun":0.0,"MeLoveCarbs":0.0},"authorDisplayNameMap":{"matthewc97":"CS2113T-T12-1 CHAN..THEW","lowxizhi":"CS2113T-T12-1 LOW .. ZHI","synCKun":"CS2113T-T12-1 WEI .. KUN","MeLoveCarbs":"CS2113T-T12-1 HONG..YANG"}}
