{"authorDailyContributionsMap":{"chengTzeNing":[],"DeetoMok":[],"bennychanya":[],"RenzoTsai":[]},"authorFileTypeContributionMap":{"chengTzeNing":{"docs":0,"functional-code":0,"test-code":0},"DeetoMok":{"docs":0,"functional-code":0,"test-code":0},"bennychanya":{"docs":0,"functional-code":0,"test-code":0},"RenzoTsai":{"docs":0,"functional-code":0,"test-code":0}},"authorContributionVariance":{"chengTzeNing":0.0,"DeetoMok":0.0,"bennychanya":0.0,"RenzoTsai":0.0},"authorDisplayNameMap":{"chengTzeNing":"CS2113-T15-3 CHEN..NING","DeetoMok":"CS2113-T15-3 MOK ..ARYL","bennychanya":"CS2113-T15-3 CHAN..ENNY","RenzoTsai":"CS2113-T15-3 CAI ..UNZE"}}
