{"authorDailyContributionsMap":{"JTWang2000":[],"rsanchez-macias":[],"Bencotti":[],"yuchenlichuck":[]},"authorFileTypeContributionMap":{"JTWang2000":{"docs":0,"functional-code":0,"test-code":0},"rsanchez-macias":{"docs":0,"functional-code":0,"test-code":0},"Bencotti":{"docs":0,"functional-code":0,"test-code":0},"yuchenlichuck":{"docs":0,"functional-code":0,"test-code":0}},"authorContributionVariance":{"JTWang2000":0.0,"rsanchez-macias":0.0,"Bencotti":0.0,"yuchenlichuck":0.0},"authorDisplayNameMap":{"JTWang2000":"CS2113-T14-3 WANG..GTAN","rsanchez-macias":"CS2113-T14-3 SANC..ARDO","Bencotti":"CS2113-T14-3 HO J..NIEL","yuchenlichuck":"CS2113-T14-3 LI Y..CHEN"}}
