{"authorDailyContributionsMap":{"Capri2014":[],"yfcube":[{"date":"2020-10-12","commitResults":[{"hash":"bd5d18427be7b483dde762ed811e140dcc8a9ae1","messageTitle":"Drivers: add drivers to support RoboSense LiDAR (#12348)","messageBody":"","fileTypesAndContributionMap":{"txt":{"insertions":69,"deletions":0}}}]}],"AndrewXWei":[],"王甲":[],"Chao Ma":[{"date":"2021-01-20","commitResults":[{"hash":"2c38c77f3ee25256c1b75f464e6b1625d5e07a6d","messageTitle":"Calibration: add the stop speed in DKIT (#13346)","messageBody":"","fileTypesAndContributionMap":{"txt":{"insertions":2,"deletions":0}}}]},{"date":"2021-03-23","commitResults":[{"hash":"fe0e3581e1ef603b5b3dd49051446b24c0ee355c","messageTitle":"calibration: modify the devkit lat-controller lookahead param (#13593)","messageBody":"","fileTypesAndContributionMap":{"txt":{"insertions":2,"deletions":2}}}]}],"zero":[],"JackFu123":[{"date":"2020-11-24","commitResults":[{"hash":"16d0cdc0957d152670de1389e3633ab2fdf3929d","messageTitle":"task_manager: add a new module for task management","messageBody":"","fileTypesAndContributionMap":{"txt":{"insertions":4,"deletions":0}}}]},{"date":"2021-02-03","commitResults":[{"hash":"d9d015d3c9cc392fe5fa29d0de47a910942a246c","messageTitle":"Dreamview: set msf_localization to default mkz_standard_debug","messageBody":"","fileTypesAndContributionMap":{"txt":{"insertions":1,"deletions":1}}}]}],"Jinyun Zhou":[],"Sergey Grebennikov":[],"zhanggefan":[],"abel":[],"Yiqun Fu":[],"fuxiangyu":[],"storypku":[{"date":"2020-10-23","commitResults":[{"hash":"5103caabe3c88279d6d2c1086814818765cfc9cf","messageTitle":"Build: liblocalization_msf.so type change to pass ci","messageBody":"","fileTypesAndContributionMap":{"txt":{"insertions":1,"deletions":0}}}]},{"date":"2020-12-16","commitResults":[{"hash":"bb3ea8fa6e99c77b7121b4d74bd97f771d48d75e","messageTitle":"Canbus: configurable MAX_PORT for HermesCAN","messageBody":"","fileTypesAndContributionMap":{"txt":{"insertions":1,"deletions":0}}}]},{"date":"2020-12-21","commitResults":[{"hash":"8022686f2901f7e300b9b6eca981c2dee4a78749","messageTitle":"Docker: specify architecture for python module dependencies","messageBody":"Added libhdf5-dev for h5py\n","fileTypesAndContributionMap":{"txt":{"insertions":12,"deletions":4}}},{"hash":"92086532e4d85ef816adb30bf6b2aa0ce2c10b8d","messageTitle":"Docker: enable scipy for aarch64","messageBody":"","fileTypesAndContributionMap":{"txt":{"insertions":7,"deletions":5}}}]},{"date":"2021-02-07","commitResults":[{"hash":"2a33df96d6e140c1127115e0ca51d34e11ea168d","messageTitle":"Canbus: updated canbus conf and refactored BUILD to be in uniform","messageBody":"","fileTypesAndContributionMap":{"txt":{"insertions":2,"deletions":2}}},{"hash":"778724720d8153e5f48ef2dd5145f854f5c48bd9","messageTitle":"Build: reorg testdata for vehicle_model","messageBody":"","fileTypesAndContributionMap":{"txt":{"insertions":0,"deletions":0}}}]},{"date":"2021-02-22","commitResults":[{"hash":"a1f216e7bbebf19d2c120422dd15b5ff97b5c3c2","messageTitle":"Build: reorg data files for Routing","messageBody":"","fileTypesAndContributionMap":{"txt":{"insertions":0,"deletions":0}}}]}],"Jiaming Tao":[],"lfcarol":[{"date":"2021-03-02","commitResults":[{"hash":"13813a256e484ddad62fea627f127d2328d9e547","messageTitle":"Dkit: Update perception configurations cherry pick from r5.5.0 (#13354)","messageBody":"","fileTypesAndContributionMap":{"txt":{"insertions":113,"deletions":28}}}]}],"Martin Jansa":[],"changsh726":[{"date":"2020-12-08","commitResults":[{"hash":"0c54d4e45f8c950cbc0e895743943b62c45023b1","messageTitle":"Docker: added pyyaml and pypcd","messageBody":"","fileTypesAndContributionMap":{"txt":{"insertions":1,"deletions":0}}}]},{"date":"2021-01-21","commitResults":[{"hash":"f425d44c3e6e779319eae53ccdfe1e2b34013a36","messageTitle":"Common: added hesai related config","messageBody":"","fileTypesAndContributionMap":{"txt":{"insertions":165,"deletions":0}}},{"hash":"4b20bb01cec4ed16281d9bfc1addd06b09b7b621","messageTitle":"Data: updated hesai_conf location","messageBody":"","fileTypesAndContributionMap":{"txt":{"insertions":4,"deletions":8}}}]},{"date":"2021-02-03","commitResults":[{"hash":"8a260bb2df096bf1c2569c3dd48bf0486c06981e","messageTitle":"Dreamview: updated mkz_standard_debug_hesai mode config","messageBody":"","fileTypesAndContributionMap":{"txt":{"insertions":1,"deletions":1}}}]}],"lilu15":[{"date":"2021-02-05","commitResults":[{"hash":"0e31c84a761f33ce1984e4fa755265216223c2ba","messageTitle":"refine the low_speed_conf and vehicle_param and jerk_path_optimizer_config","messageBody":"","fileTypesAndContributionMap":{"txt":{"insertions":4,"deletions":4}}}]}],"cuishan2018":[],"daohu527":[{"date":"2021-01-06","commitResults":[{"hash":"a7f25a7b895d1e5f41e7778b6d4721f569592a55","messageTitle":"cyber: remove poco shared library dependency","messageBody":"rebased on master HEAD\n","fileTypesAndContributionMap":{"txt":{"insertions":0,"deletions":3}}}]}],"walle-zhao":[],"liuxu":[{"date":"2020-12-31","commitResults":[{"hash":"11104c3d8bead0034dbf0723bf682ae4c2c97d99","messageTitle":"Refactor Lidar drivers (#13245)","messageBody":"* drivers: lidar refactor lidar/dirver to add factory pattern\r\n\r\n* Lidar Driver: fix deconstruc bug\r\n\r\n* Lidar Driver: fix some format\r\n\r\n* Lidar Driver: fix some format\r\n\r\nLidar Driver: remove explict\r\n\r\nLidar Drivers: buildifer BUILD\r\n\r\n* Lidar Driver: init node_\r\n\r\n* Lidar Driver: modify lidar conf\r\n\r\nCo-authored-by: liuxu \u003cliuxu20@baidu.com\u003e","fileTypesAndContributionMap":{"txt":{"insertions":48,"deletions":24}}}]},{"date":"2021-03-03","commitResults":[{"hash":"686c1028613aae9ea4791aec17c5fd5a21eec30a","messageTitle":"CI: add coverage python interface","messageBody":"","fileTypesAndContributionMap":{"txt":{"insertions":2,"deletions":0}}},{"hash":"090129f92082fd5d9304b8a41a0e13c6fa2c7cbd","messageTitle":"Update py3_requirements.txt","messageBody":"","fileTypesAndContributionMap":{"txt":{"insertions":1,"deletions":1}}}]}],"Chang Songhong":[{"date":"2020-11-13","commitResults":[{"hash":"226bbb35fe60e4f6305b747a94ae9dba103bf6b5","messageTitle":"sensor_calibration: generate channels config from record (#12979)","messageBody":"","fileTypesAndContributionMap":{"txt":{"insertions":4,"deletions":0}}}]},{"date":"2021-02-02","commitResults":[{"hash":"d42087aef4074892ed57d33927e160d35ad68889","messageTitle":"Calibration: Implementation of FuelClient related functions (#13084)","messageBody":"* sensor_calibration: add sanity check tool\r\n\r\n* sensor_calibration: extract_data.sh get the latest records if -f and -d are not specified\r\n\r\n* sensor_calibration: extract_data.sh implemented non-interactive mode\r\n\r\n* sensor_calibration: updated sanity_check.py\r\n\r\n* sensor_calibration: extract_data.sh minor change\r\n\r\n* Dreamview: added PreprocessMonitor\r\n\r\n* sensor_calibration: extract_data.sh added support for camera_to_lidar calibration\r\n\r\n* sensor_calibration: extract_data.py unified format string style\r\n\r\n* sensor_calibration: added task types\r\n\r\n* Dreamview: PreprocessMonitor added camera_to_lidar support\r\n\r\n* sensor_calibration: improved extract_data.sh\r\n\r\n* HMI: updated preprocess request handler\r\n\r\n* sensor_calibration: updated camera_to_lidar support\r\n\r\n* Dreamview: updated preprocess_table\r\n\r\n* Dreamview: added Camera-Lidar Calibration mode\r\n\r\n* Dreamview: added FuelMonitorManager\r\n\r\n* sensor_calibration: camera_to_lidar task generate translation config from user file\r\n\r\n* sensor_calibration: sanity_check.py use absl modules\r\n\r\n* vehicle_calibration: added preprocess tool\r\n\r\n* HMI: added interaction functions with vehicle calibration preprocess tool\r\n\r\n* Dreamview: PreprocessMonitor added default constructor\r\n\r\n* Dreamview: FuelMonitorManager refactored\r\n\r\n* vehicle_calibration: improved preprocess tool\r\n\r\n* sensor_calibration: extract_data.py refactored\r\n\r\n* sensor_calibration: extract_data.sh updated\r\n\r\n* Dreamview: added preprocess status\r\n\r\n* Dreamview:Add fuel client panel\r\n\r\n* Dreamview:add current_mode field\r\n\r\n* Dreamview:remove extra comment in preprocess_monitor\r\n\r\n* Dreamview:modify status logic\r\n\r\n* HMI: minor change\r\n\r\n* Dreamview: bugfix\r\n\r\n* sensor_calibration: generate camera channel from record\r\n\r\n* Dreamview: preprocess_table.proto refactored\r\n\r\n* sensor_calibaraiton: updated camera_to_lidar related function\r\n\r\n* Monitor: added process moniting for some other components\r\n\r\n* sensor_calibration: get task type from hmi_worker\r\n\r\n* Dreamview: updated preprocess table config\r\n\r\n* Dreamview: simple code clean\r\n\r\n* Dreamview:remove camera select and add camera internal param\r\n\r\n* Dreamview:remove extra comment\r\n\r\n* fix websocket bug and camera judge bug\r\n\r\n* fix progress bug\r\n\r\n* Dreamview:change the R internal param input number\r\n\r\n* Dreamview: bugfix\r\n\r\n* Dreamview: fix typo and code clean\r\n\r\n* sensor_calibration: use get_pb_from_text_file\r\n\r\n* FuelClient: added translation name\r\n\r\n* HMI: added camera monitor for camera-lidar calibration mode\r\n\r\n* FuelClient: camera configuration table reorganized\r\n\r\n* Dreamview: bugfix\r\n\r\n* vehicle_calibration: changed output dir\r\n\r\n* Dreamview: rename lidar-configuration to sensor-configuration\r\n\r\n* Dreamview:add icon and preprocess fatal logString\r\n\r\n* FuelClient: updated process monitoring logic\r\n\r\n* Dreamview:polish code remove unused comments\r\n\r\n* Dreamview:modify static time error\r\n\r\n* Dreamview: bugfix\r\n\r\n* Dreamview:polish code and modify some details\r\n\r\n* Dreamview: updated vehicle calibration config\r\n\r\n* Dreamview: updated lidar-IMU calibration mode config\r\n\r\n* Dreamview: updated vehicle calibration mode config\r\n\r\n* FuelClient: removed param R\r\n\r\n* Dreamview: bugfix\r\n\r\n* Monitor: updated camera monitor topics\r\n\r\n* vehicle_calibration: copy records end with _s\r\n\r\n* vehicle calibration: start data collection only when started recorder\r\n\r\n* sensor_calibration: updated monitored components\r\n\r\n* vehicle_calibration: restart data collection monitor when start recorder\r\n\r\n* vehicle_calibration: added channel monitor for chassis_detail\r\n\r\n* Monitor: channel monitor added chassis_detail_topic\r\n\r\n* Monitor: updated monitored channel\r\n\r\n* Monitor: check whether the message reseived from monitored channel is empty\r\n\r\n* sensor_calibration: record all channels in lidar-IMU mode\r\n\r\n* sensor_calibration: updated monitored components\r\n\r\n* FuelClient: renamed Localization Pose to RTK\r\n\r\n* sensor_calibration: added recorder to monitored components\r\n\r\n* Vehicle Calibration: remove no data found ,modify preprocess disable logic\r\n\r\n* Dreamview: remove extra comment\r\n\r\n* Dreamview:modify monitored component logic by removing monitor recorder\r\n\r\n* Dreamview: fix highlight main sensor style bug\r\n\r\n* Dreamview:fix input bug\r\n\r\n* Dreamview: modify the style for camera-lidar\r\n\r\n* FuelClinet: SensorCalibrationConfiguration refactor\r\n\r\n* FuelClient: updated guiding text\r\n\r\n* sensor_calibration: removed transform module\r\n\r\n* FuelClient: SensorCalibrationConfiguration.js minor change\r\n\r\n* Dreamview: added preprocess button style (from @walle-zhao)\r\n\r\nCo-authored-by: lj0919 \u003c605944389@qq.com\u003e\r\nCo-authored-by: walle-zhao \u003c208665675@qq.com\u003e","fileTypesAndContributionMap":{"txt":{"insertions":280,"deletions":7}}}]}],"shusukui":[],"Jinyun":[],"Steve Lemke":[],"liufeng":[],"panxuechao":[],"Jiahao Chen (Jerold)":[{"date":"2021-01-05","commitResults":[{"hash":"919f4786570d73c5c811c4bd030e87ac256a39c2","messageTitle":"Perception: resume camera obstacle detection in sensor fusion (#13277)","messageBody":"* Perception: add camera obstacle detection to fusion\r\n\r\n* Perception: modify default dag to use CNNSeg model","fileTypesAndContributionMap":{"txt":{"insertions":4,"deletions":2}}}]}],"Xiangquan Xiao":[],"Flaviu":[],"Jiahao Chen":[],"Hongyi Zhao":[],"Dontmovedad":[],"lj0919":[{"date":"2020-12-04","commitResults":[{"hash":"a5403d3676d62a58ca739b26cfa28d7480b6bc99","messageTitle":"Dreamview loop routing function","messageBody":"","fileTypesAndContributionMap":{"txt":{"insertions":12,"deletions":0}}}]}],"Liu Jiaming":[],"cuishiwei":[{"date":"2020-12-09","commitResults":[{"hash":"456018326b5841af3ca524f137e06092a25ebdd0","messageTitle":"Canbus: update steering command and report in D-KIT \u0026 Calibration:update kinetic calibration parameter for dev_kit_standard (#13141)","messageBody":"","fileTypesAndContributionMap":{"txt":{"insertions":2370,"deletions":2366}}}]}],"liufeng31":[{"date":"2020-11-17","commitResults":[{"hash":"06253f8cde316be183c5aa37815d6769bc1b8da0","messageTitle":"Drivers: rearrange driver files and configurations","messageBody":"","fileTypesAndContributionMap":{"txt":{"insertions":33,"deletions":33}}}]},{"date":"2021-01-21","commitResults":[{"hash":"2da0836292cc909a577e27e649b7e6c147010a18","messageTitle":"Dreamview: Add some configuration path","messageBody":"","fileTypesAndContributionMap":{"txt":{"insertions":22,"deletions":1}}}]}],"lishuanghua":[],"kevin-y-wang":[],"SeasoulChris":[{"date":"2020-10-12","commitResults":[{"hash":"f566048a04ac83bf6fe27bc54368e13f72c1bcac","messageTitle":"D-KIT: add radar dag file to calibration (#12752)","messageBody":"","fileTypesAndContributionMap":{"txt":{"insertions":4,"deletions":0}}}]},{"date":"2020-11-13","commitResults":[{"hash":"f046386dfa2204c84ea2919a08794f1285cffbc9","messageTitle":"D-KIT add pointcloud_preprocessor.conf to calibration module (#12968)","messageBody":"","fileTypesAndContributionMap":{"txt":{"insertions":25,"deletions":12}}}]},{"date":"2020-12-14","commitResults":[{"hash":"65d18ebd85b707f94c5437d04bfe7ae9293d76f3","messageTitle":"monitor: add pointcloud_16_topic to monitor module (#13146)","messageBody":"Co-authored-by: lishuanghua \u003c17302618@qq.com\u003e","fileTypesAndContributionMap":{"txt":{"insertions":3,"deletions":3}}}]},{"date":"2021-02-07","commitResults":[{"hash":"810626472fd7be84cf7d664717f8cc3ebbf6e2d1","messageTitle":"D-KIT:correct tf_static conf \u0026 add v2x config to lidar perception dag file (#13418)","messageBody":"* D-KIT: correct tf_static conf \u0026 modify planning conf\r\n\r\n* D-KIT add v2x config to lidar perception dag file","fileTypesAndContributionMap":{"txt":{"insertions":9,"deletions":9}}}]},{"date":"2021-02-24","commitResults":[{"hash":"4f509cb7eddccb84c61ebcf76aacf709a3f75845","messageTitle":"D-KIT add lidar_to_gnss_preprocess_table.pb.txt to dreamview_conf (#13470)","messageBody":"","fileTypesAndContributionMap":{"txt":{"insertions":65,"deletions":0}}}]},{"date":"2021-03-17","commitResults":[{"hash":"05854798ba065f597a50d4390d3cc770181c2780","messageTitle":"D-KIT: remove video.dag in D-KIT related mode (#13556)","messageBody":"","fileTypesAndContributionMap":{"txt":{"insertions":0,"deletions":3}}}]}],"xiaoMrzhang":[],"dependabot[bot]":[],"panfengsu":[],"Anon-Artist":[],"zyc0222":[{"date":"2020-10-21","commitResults":[{"hash":"d0133867997724948a846baf3d236f4db08a72dc","messageTitle":"correct calibration files (#12811)","messageBody":"","fileTypesAndContributionMap":{"txt":{"insertions":0,"deletions":0}}}]},{"date":"2020-11-05","commitResults":[{"hash":"bb029ec38c9bc678d2314cd0fd869f6911299e0a","messageTitle":"update name of dev kit advanced sne-r (#12913)","messageBody":"","fileTypesAndContributionMap":{"txt":{"insertions":0,"deletions":0}}}]}],"AlanNewImage":[],"macDure":[],"李瑾":[]},"authorFileTypeContributionMap":{"Capri2014":{"txt":0},"yfcube":{"txt":68},"AndrewXWei":{"txt":0},"王甲":{"txt":0},"Chao Ma":{"txt":3},"zero":{"txt":0},"JackFu123":{"txt":5},"Jinyun Zhou":{"txt":0},"Sergey Grebennikov":{"txt":0},"zhanggefan":{"txt":0},"abel":{"txt":0},"Yiqun Fu":{"txt":0},"fuxiangyu":{"txt":0},"storypku":{"txt":19},"Jiaming Tao":{"txt":0},"lfcarol":{"txt":112},"Martin Jansa":{"txt":0},"changsh726":{"txt":169},"lilu15":{"txt":4},"cuishan2018":{"txt":0},"daohu527":{"txt":0},"walle-zhao":{"txt":0},"liuxu":{"txt":50},"Chang Songhong":{"txt":283},"shusukui":{"txt":0},"Jinyun":{"txt":0},"Steve Lemke":{"txt":0},"liufeng":{"txt":0},"panxuechao":{"txt":0},"Jiahao Chen (Jerold)":{"txt":5},"Xiangquan Xiao":{"txt":0},"Flaviu":{"txt":0},"Jiahao Chen":{"txt":0},"Hongyi Zhao":{"txt":0},"Dontmovedad":{"txt":0},"lj0919":{"txt":12},"Liu Jiaming":{"txt":0},"cuishiwei":{"txt":2369},"liufeng31":{"txt":44},"lishuanghua":{"txt":0},"kevin-y-wang":{"txt":0},"SeasoulChris":{"txt":96},"xiaoMrzhang":{"txt":0},"dependabot[bot]":{"txt":0},"panfengsu":{"txt":0},"Anon-Artist":{"txt":0},"zyc0222":{"txt":0},"AlanNewImage":{"txt":0},"macDure":{"txt":0},"李瑾":{"txt":0}},"authorContributionVariance":{"Capri2014":0.0,"yfcube":26.597038,"AndrewXWei":0.0,"王甲":0.0,"Chao Ma":0.11122336,"zero":0.0,"JackFu123":0.111223325,"Jinyun Zhou":0.0,"Sergey Grebennikov":0.0,"zhanggefan":0.0,"abel":0.0,"Yiqun Fu":0.0,"fuxiangyu":0.0,"storypku":4.46914,"Jiaming Tao":0.0,"lfcarol":111.06348,"Martin Jansa":0.0,"changsh726":175.01141,"lilu15":0.3575311,"cuishan2018":0.0,"daohu527":0.0502778,"walle-zhao":0.0,"liuxu":29.031107,"Chang Songhong":460.16418,"shusukui":0.0,"Jinyun":0.0,"Steve Lemke":0.0,"liufeng":0.0,"panxuechao":0.0,"Jiahao Chen (Jerold)":0.2011112,"Xiangquan Xiao":0.0,"Flaviu":0.0,"Jiahao Chen":0.0,"Hongyi Zhao":0.0,"Dontmovedad":0.0,"lj0919":0.80444515,"Liu Jiaming":0.0,"cuishiwei":125301.65,"liufeng31":27.19382,"lishuanghua":0.0,"kevin-y-wang":0.0,"SeasoulChris":33.031597,"xiaoMrzhang":0.0,"dependabot[bot]":0.0,"panfengsu":0.0,"Anon-Artist":0.0,"zyc0222":0.0,"AlanNewImage":0.0,"macDure":0.0,"李瑾":0.0},"authorDisplayNameMap":{"Capri2014":"Capri2014","yfcube":"yfcube","AndrewXWei":"AndrewXWei","王甲":"王甲","Chao Ma":"Chao Ma","zero":"zero","JackFu123":"JackFu123","Jinyun Zhou":"Jinyun Zhou","Sergey Grebennikov":"Sergey Grebennikov","zhanggefan":"zhanggefan","abel":"abel","Yiqun Fu":"Yiqun Fu","fuxiangyu":"fuxiangyu","storypku":"storypku","Jiaming Tao":"Jiaming Tao","lfcarol":"lfcarol","Martin Jansa":"Martin Jansa","changsh726":"changsh726","lilu15":"lilu15","cuishan2018":"cuishan2018","daohu527":"daohu527","walle-zhao":"walle-zhao","liuxu":"liuxu","Chang Songhong":"Chang Songhong","shusukui":"shusukui","Jinyun":"Jinyun","Steve Lemke":"Steve Lemke","liufeng":"liufeng","panxuechao":"panxuechao","Jiahao Chen (Jerold)":"Jiahao Chen (Jerold)","Xiangquan Xiao":"Xiangquan Xiao","Flaviu":"Flaviu","Jiahao Chen":"Jiahao Chen","Hongyi Zhao":"Hongyi Zhao","Dontmovedad":"Dontmovedad","lj0919":"lj0919","Liu Jiaming":"Liu Jiaming","cuishiwei":"cuishiwei","liufeng31":"liufeng31","lishuanghua":"lishuanghua","kevin-y-wang":"kevin-y-wang","SeasoulChris":"SeasoulChris","xiaoMrzhang":"xiaoMrzhang","dependabot[bot]":"dependabot[bot]","panfengsu":"panfengsu","Anon-Artist":"Anon-Artist","zyc0222":"zyc0222","AlanNewImage":"AlanNewImage","macDure":"macDure","李瑾":"李瑾"}}
